<?xml version="1.0"?>
<COLLADA xmlns="http://www.collada.org/2005/11/COLLADASchema" version="1.4.1">
    <asset>
        <contributor>
            <authoring_tool>CINEMA4D 13.016 COLLADA Exporter</authoring_tool>
        </contributor>
        <created>2012-06-19T08:56:38Z</created>
        <modified>2012-06-19T08:56:38Z</modified>
        <unit meter="0.01" name="centimeter"/>
        <up_axis>Y_UP</up_axis>
    </asset>
    <library_images>
        <image id="ID21">
            <init_from>basic009.jpg</init_from>
        </image>
    </library_images>
    <library_effects>
        <effect id="ID2">
            <profile_COMMON>
                <technique sid="COMMON">
                    <blinn>
                        <diffuse>
                            <color>0.8 0.8 0.8 1</color>
                        </diffuse>
                        <specular>
                            <color>0.2 0.2 0.2 1</color>
                        </specular>
                        <shininess>
                            <float>0.5</float>
                        </shininess>
                    </blinn>
                </technique>
            </profile_COMMON>
        </effect>
        <effect id="ID4">
            <profile_COMMON>
                <technique sid="COMMON">
                    <blinn>
                        <emission>
                            <color>1 0 0.866667 1</color>
                        </emission>
                        <diffuse>
                            <color>1 0 0.866667 1</color>
                        </diffuse>
                        <specular>
                            <color>0.2 0.2 0.2 1</color>
                        </specular>
                        <shininess>
                            <float>0.5</float>
                        </shininess>
                    </blinn>
                </technique>
            </profile_COMMON>
        </effect>
        <effect id="ID6">
            <profile_COMMON>
                <technique sid="COMMON">
                    <blinn>
                        <diffuse>
                            <color>0.428102 0.514792 0.543689 1</color>
                        </diffuse>
                        <specular>
                            <color>0.2 0.2 0.2 1</color>
                        </specular>
                        <shininess>
                            <float>0.5</float>
                        </shininess>
                    </blinn>
                </technique>
            </profile_COMMON>
        </effect>
        <effect id="ID8">
            <profile_COMMON>
                <technique sid="COMMON">
                    <blinn>
                        <diffuse>
                            <color>0.505882 0.819608 0.247059 1</color>
                        </diffuse>
                    </blinn>
                </technique>
            </profile_COMMON>
        </effect>
        <effect id="ID10">
            <profile_COMMON>
                <technique sid="COMMON">
                    <blinn>
                        <diffuse>
                            <color>0.449807 0.700332 0.723107 1</color>
                        </diffuse>
                        <specular>
                            <color>5.31 5.31 5.31 1</color>
                        </specular>
                        <shininess>
                            <float>0.5</float>
                        </shininess>
                        <reflective>
                            <color>1 0.995294 0.929412 1</color>
                        </reflective>
                        <reflectivity>
                            <float>0.48</float>
                        </reflectivity>
                    </blinn>
                </technique>
            </profile_COMMON>
        </effect>
        <effect id="ID12">
            <profile_COMMON>
                <technique sid="COMMON">
                    <blinn>
                        <diffuse>
                            <color>0.0745098 0.372549 0.101961 1</color>
                        </diffuse>
                    </blinn>
                </technique>
            </profile_COMMON>
        </effect>
        <effect id="ID14">
            <profile_COMMON>
                <technique sid="COMMON">
                    <blinn>
                        <diffuse>
                            <color>0.611765 0.482353 0.294118 1</color>
                        </diffuse>
                    </blinn>
                </technique>
            </profile_COMMON>
        </effect>
        <effect id="ID16">
            <profile_COMMON>
                <technique sid="COMMON">
                    <blinn>
                        <diffuse>
                            <color>0.300971 0.207046 0.106643 1</color>
                        </diffuse>
                    </blinn>
                </technique>
            </profile_COMMON>
        </effect>
        <effect id="ID18">
            <profile_COMMON>
                <technique sid="COMMON">
                    <blinn>
                        <diffuse>
                            <color>0.104854 0.349515 0 1</color>
                        </diffuse>
                    </blinn>
                </technique>
            </profile_COMMON>
        </effect>
        <effect id="ID20">
            <profile_COMMON>
                <newparam sid="ID22">
                    <surface type="2D">
                        <init_from>ID21</init_from>
                    </surface>
                </newparam>
                <newparam sid="ID23">
                    <sampler2D>
                        <source>ID22</source>
                    </sampler2D>
                </newparam>
                <technique sid="COMMON">
                    <blinn>
                        <diffuse>
                            <texture texture="ID23" texcoord="UVSET0"/>
                        </diffuse>
                    </blinn>
                </technique>
            </profile_COMMON>
        </effect>
    </library_effects>
    <library_materials>
        <material id="ID1" name="Mat">
            <instance_effect url="#ID2"/>
        </material>
        <material id="ID3" name="Mat.3">
            <instance_effect url="#ID4"/>
        </material>
        <material id="ID5" name="Mat.2">
            <instance_effect url="#ID6"/>
        </material>
        <material id="ID7" name="Grass">
            <instance_effect url="#ID8"/>
        </material>
        <material id="ID9" name="Water">
            <instance_effect url="#ID10"/>
        </material>
        <material id="ID11" name="Material1">
            <instance_effect url="#ID12"/>
        </material>
        <material id="ID13" name="Material">
            <instance_effect url="#ID14"/>
        </material>
        <material id="ID15" name="Mat.1">
            <instance_effect url="#ID16"/>
        </material>
        <material id="ID17" name="Mat">
            <instance_effect url="#ID18"/>
        </material>
        <material id="ID19" name="Grass_001">
            <instance_effect url="#ID20"/>
        </material>
    </library_materials>
    <library_geometries>
        <geometry id="ID26">
            <mesh>
                <source id="ID27">
                    <float_array id="ID28" count="24">-4 -5.65685 4.44089e-16 -4 8.88178e-15 5.65685 4 -5.65685 4.44089e-16 4 8.88178e-15 5.65685 4 7.32747e-15 -5.65685 4 5.65685 -4.44089e-16 -4 7.54952e-15 -5.65685 -4 5.65685 -4.44089e-16</float_array>
                    <technique_common>
                        <accessor count="8" source="#ID28" stride="3">
                            <param name="X" type="float"/>
                            <param name="Y" type="float"/>
                            <param name="Z" type="float"/>
                        </accessor>
                    </technique_common>
                </source>
                <source id="ID29">
                    <float_array id="ID30" count="18">0 -0.707107 0.707107 1 0 -0 9.81308e-18 0.707107 -0.707107 -1 0 -0 2.77556e-17 0.707107 0.707107 -6.53242e-17 -0.707107 -0.707107</float_array>
                    <technique_common>
                        <accessor count="6" source="#ID30" stride="3">
                            <param name="X" type="float"/>
                            <param name="Y" type="float"/>
                            <param name="Z" type="float"/>
                        </accessor>
                    </technique_common>
                </source>
                <source id="ID31">
                    <float_array id="ID32" count="8">0 0 0 1 1 1 1 0</float_array>
                    <technique_common>
                        <accessor count="4" source="#ID32" stride="2">
                            <param name="S" type="float"/>
                            <param name="T" type="float"/>
                        </accessor>
                    </technique_common>
                </source>
                <vertices id="ID33">
                    <input semantic="POSITION" source="#ID27"/>
                </vertices>
                <polylist count="6" material="Material1">
                    <input offset="0" semantic="VERTEX" source="#ID33"/>
                    <input offset="1" semantic="NORMAL" source="#ID29"/>
                    <input offset="2" semantic="TEXCOORD" source="#ID31" set="0"/>
                    <vcount>4 4 4 4 4 4</vcount>
                    <p>2 0 3 3 0 2 1 0 1 0 0 0 4 1 3 5 1 2 3 1 1 2 1 0 6 2 3 7 2 2 5 2 1 4 2 0 0 3 3 1 3 2 7 3 1 6 3 0 3 4 3 5 4 2 7 4 1 1 4 0 4 5 3 2 5 2 0 5 1 6 5 0</p>
                </polylist>
            </mesh>
        </geometry>
        <geometry id="ID35">
            <mesh>
                <source id="ID36">
                    <float_array id="ID37" count="24">-4 -5.65685 1.77636e-15 -4 -1.5099e-14 5.65685 4 -5.65685 1.77636e-15 4 -1.5099e-14 5.65685 4 -1.59872e-14 -5.65685 4 5.65685 8.88178e-16 -4 -1.59872e-14 -5.65685 -4 5.65685 8.88178e-16</float_array>
                    <technique_common>
                        <accessor count="8" source="#ID37" stride="3">
                            <param name="X" type="float"/>
                            <param name="Y" type="float"/>
                            <param name="Z" type="float"/>
                        </accessor>
                    </technique_common>
                </source>
                <source id="ID38">
                    <float_array id="ID39" count="18">0 -0.707107 0.707107 1 0 -0 0 0.707107 -0.707107 -1 0 -0 0 0.707107 0.707107 0 -0.707107 -0.707107</float_array>
                    <technique_common>
                        <accessor count="6" source="#ID39" stride="3">
                            <param name="X" type="float"/>
                            <param name="Y" type="float"/>
                            <param name="Z" type="float"/>
                        </accessor>
                    </technique_common>
                </source>
                <source id="ID40">
                    <float_array id="ID41" count="8">0 0 0 1 1 1 1 0</float_array>
                    <technique_common>
                        <accessor count="4" source="#ID41" stride="2">
                            <param name="S" type="float"/>
                            <param name="T" type="float"/>
                        </accessor>
                    </technique_common>
                </source>
                <vertices id="ID42">
                    <input semantic="POSITION" source="#ID36"/>
                </vertices>
                <polylist count="6" material="Material1">
                    <input offset="0" semantic="VERTEX" source="#ID42"/>
                    <input offset="1" semantic="NORMAL" source="#ID38"/>
                    <input offset="2" semantic="TEXCOORD" source="#ID40" set="0"/>
                    <vcount>4 4 4 4 4 4</vcount>
                    <p>2 0 3 3 0 2 1 0 1 0 0 0 4 1 3 5 1 2 3 1 1 2 1 0 6 2 3 7 2 2 5 2 1 4 2 0 0 3 3 1 3 2 7 3 1 6 3 0 3 4 3 5 4 2 7 4 1 1 4 0 4 5 3 2 5 2 0 5 1 6 5 0</p>
                </polylist>
            </mesh>
        </geometry>
        <geometry id="ID44">
            <mesh>
                <source id="ID45">
                    <float_array id="ID46" count="24">-4 -5.65685 2.08722e-14 -4 -1.33227e-15 5.65685 4 -5.65685 2.08722e-14 4 -1.33227e-15 5.65685 4 -2.22045e-15 -5.65685 4 5.65685 1.9984e-14 -4 -2.22045e-15 -5.65685 -4 5.65685 1.9984e-14</float_array>
                    <technique_common>
                        <accessor count="8" source="#ID46" stride="3">
                            <param name="X" type="float"/>
                            <param name="Y" type="float"/>
                            <param name="Z" type="float"/>
                        </accessor>
                    </technique_common>
                </source>
                <source id="ID47">
                    <float_array id="ID48" count="18">0 -0.707107 0.707107 1 0 -0 0 0.707107 -0.707107 -1 0 -0 0 0.707107 0.707107 0 -0.707107 -0.707107</float_array>
                    <technique_common>
                        <accessor count="6" source="#ID48" stride="3">
                            <param name="X" type="float"/>
                            <param name="Y" type="float"/>
                            <param name="Z" type="float"/>
                        </accessor>
                    </technique_common>
                </source>
                <source id="ID49">
                    <float_array id="ID50" count="8">0 0 0 1 1 1 1 0</float_array>
                    <technique_common>
                        <accessor count="4" source="#ID50" stride="2">
                            <param name="S" type="float"/>
                            <param name="T" type="float"/>
                        </accessor>
                    </technique_common>
                </source>
                <vertices id="ID51">
                    <input semantic="POSITION" source="#ID45"/>
                </vertices>
                <polylist count="6" material="Material1">
                    <input offset="0" semantic="VERTEX" source="#ID51"/>
                    <input offset="1" semantic="NORMAL" source="#ID47"/>
                    <input offset="2" semantic="TEXCOORD" source="#ID49" set="0"/>
                    <vcount>4 4 4 4 4 4</vcount>
                    <p>2 0 3 3 0 2 1 0 1 0 0 0 4 1 3 5 1 2 3 1 1 2 1 0 6 2 3 7 2 2 5 2 1 4 2 0 0 3 3 1 3 2 7 3 1 6 3 0 3 4 3 5 4 2 7 4 1 1 4 0 4 5 3 2 5 2 0 5 1 6 5 0</p>
                </polylist>
            </mesh>
        </geometry>
        <geometry id="ID53">
            <mesh>
                <source id="ID54">
                    <float_array id="ID55" count="363">-43.834 -32.8033 65.1336 -35.6874 -33.3821 66.2809 -26.7494 -33.3625 66.242 -17.5515 -32.8367 65.2001 -8.66516 -32.4229 64.3779 -1.01132e-14 -32.8877 65.3011 9.0002 -33.6764 66.8624 17.3404 -32.4417 64.4152 25.323 -31.5816 62.7007 34.2575 -32.0443 63.6242 44.0045 -32.9307 65.3865 -44.322 -33.1673 52.6842 -35.3298 -31.7991 52.496 -25.4781 -29.4967 50.4686 -12.5382 -22.7599 49.6388 -5.74553 -19.7714 55.34 -0.860253 -20.4793 53.8865 8.92658 -27.2801 53.0544 17.3511 -28.149 51.5642 25.4065 -30.4058 50.3246 33.5729 -31.3133 49.8631 45.0614 -33.7154 53.5508 -44.3667 -33.2 39.5517 -36.248 -30.4039 40.3778 -26.6422 -25.7666 39.5858 -17.4737 -20.4702 38.9466 -8.25927 -11.6134 36.8105 -1.00365e-14 -11.2314 39.8595 9.13387 -17.5976 40.7097 16.9593 -19.5311 37.794 27.0678 -26.5034 40.2101 36.5026 -33.0223 40.6522 44.5834 -33.3605 39.7419 -44.2871 -33.1403 26.3203 -34.7819 -28.5134 25.8409 -27.7376 -18.473 27.4447 -16.7093 -9.43369 24.8175 -8.74136 3.31829 25.9779 0.256639 -0.835525 26.2972 14.3509 -4.2655 28.3595 23.2444 -14.0367 28.3204 26.7915 -19.1961 26.5356 37.0718 -29.7758 27.4928 42.2238 -31.5805 25.0749 -45.5605 -34.063 13.521 -35.1278 -27.1629 13.0491 -27.0038 -15.1777 13.3678 -17.3614 0.589738 12.8984 -9.20795 7.44479 13.6734 0.256639 12.1 14.8494 11.6899 8.71749 11.9233 23.0248 -9.26994 14.7228 23.8121 -17.1337 11.7056 35.4914 -26.5394 13.1823 43.033 -32.1985 12.7855 -41.3007 -30.8368 2.98042e-14 -32.023 -23.4516 3.06495e-14 -27.6762 -10.1633 3.20036e-14 -19.0154 6.03513 3.31492e-14 -9.95412 15.0647 3.44205e-14 -5.93705e-15 2.96682 3.77317e-14 12.3598 2.05359 3.79612e-14 20.1056 1.97964 3.78617e-14 28.1197 -15.8018 3.83896e-14 34.7564 -26.2689 3.86995e-14 43.2101 -32.333 3.96208e-14 -42.4083 -31.7178 -12.5917 -32.6278 -24.6109 -12.0671 -28.1957 -10.8185 -13.9192 -17.9675 -3.98529 -13.3449 -9.23438 7.3511 -13.7117 -9.80378e-15 2.46041 -13.973 8.11473 -7.5294 -12.0394 17.0639 -8.9524 -12.6736 28.352 -16.6668 -13.987 36.1177 -29.0488 -13.4063 41.8825 -31.3068 -12.4247 -42.2741 -31.6193 -25.1062 -36.9015 -29.9377 -27.3739 -25.9199 -20.3006 -25.6748 -17.2391 -14.9483 -25.6144 -9.45802 -5.86569 -28.0963 -4.95856 3.27184 -24.8598 4.45079 -9.50469 -26.8764 17.9835 -12.0857 -26.7176 27.5486 -22.8938 -27.2631 35.8191 -30.7638 -26.604 42.9344 -32.125 -25.5126 -45.0454 -33.7011 -40.1447 -35.9764 -31.0281 -40.0821 -25.9049 -24.9134 -38.4906 -17.5362 -20.5464 -39.0861 -8.90194 -12.5288 -39.682 2.21923 -7.25555 -45.613 11.1889 -8.16653 -44.6746 18.2811 -21.7473 -40.7328 25.4965 -26.4844 -37.8763 36.3021 -32.0804 -40.4359 42.7733 -32.0044 -38.1253 -42.0529 -31.4596 -49.9637 -34.2371 -30.8919 -50.8668 -25.4784 -29.4688 -50.4692 -17.7059 -28.2911 -52.6179 -8.85198 -27.2204 -52.6125 -1.01956e-14 -28.9727 -51.2666 8.94013 -30.7404 -53.134 17.5754 -29.5236 -52.231 26.7417 -30.783 -52.9776 34.1625 -30.9631 -50.7546 44.346 -33.1851 -52.7124 -43.7901 -32.7705 -65.0685 -34.4922 -32.2646 -64.0629 -25.7176 -32.0755 -63.6862 -17.9469 -33.576 -66.6641 -8.4889 -31.7632 -63.0632 -1.00825e-14 -33.1161 -65.7539 8.50924 -31.8394 -63.2151 17.5457 -32.826 -65.1787 26.6805 -33.2769 -66.0725 35.2169 -32.9432 -65.4112 42.9437 -32.1353 -63.8055</float_array>
                    <technique_common>
                        <accessor count="121" source="#ID55" stride="3">
                            <param name="X" type="float"/>
                            <param name="Y" type="float"/>
                            <param name="Z" type="float"/>
                        </accessor>
                    </technique_common>
                </source>
                <source id="ID56">
                    <float_array id="ID57" count="354">-0.0486838 0.99773 0.0465176 -0.143792 0.988111 0.0544131 -0.17133 0.976446 0.131148 -0.0765556 0.99095 0.110258 -0.266126 0.91961 0.288952 -0.166173 0.945843 0.278867 -0.395942 0.803113 0.44524 -0.262977 0.823094 0.503347 -0.190084 0.768639 0.610788 -0.0806703 0.686332 0.722801 0.236261 0.76114 0.604026 0.198785 0.708093 0.677561 0.276704 0.816763 0.506294 0.158626 0.871578 0.463885 0.208734 0.894565 0.395201 0.0847841 0.954283 0.28663 0.271704 0.927487 0.256797 0.109411 0.973002 0.203217 0.184467 0.955816 -0.228883 0.0454221 0.981154 -0.187812 0.0194328 0.987205 -0.15827 0.155519 0.976652 -0.148202 0.168053 0.782699 -0.599284 0.0206077 0.981939 -0.188069 0.0291116 0.979646 -0.198611 0.256794 0.875092 -0.410209 -0.312746 0.948322 0.0536307 -0.391885 0.906594 0.156568 -0.452612 0.820252 0.349755 -0.527401 0.708829 0.468411 -0.314683 0.748256 0.584027 0.189922 0.760045 0.621499 0.367832 0.69305 0.619985 0.440009 0.697135 0.566034 0.49371 0.791772 0.359649 0.399221 0.895014 0.198929 0.328249 0.936519 0.123227 -0.440406 0.896514 0.0480048 -0.598027 0.793118 0.115443 -0.656071 0.685301 0.316123 -0.619573 0.631228 0.466563 -0.384899 0.703148 0.59786 0.087676 0.740571 0.666234 0.436429 0.670161 0.600345 0.736426 0.552509 0.390397 0.744297 0.630546 0.220075 0.508301 0.850148 0.137395 0.357156 0.927391 0.111294 0.240734 0.954363 0.176747 -0.540216 0.840051 0.0498128 -0.722015 0.689122 0.0616811 -0.820187 0.538055 0.194396 -0.721523 0.596298 0.351901 -0.342649 0.872226 0.349018 0.147074 0.973827 0.173291 0.460523 0.883889 0.081599 0.839155 0.536616 0.0886759 0.856257 0.505342 0.10702 0.622223 0.780559 0.0597127 0.530853 0.847274 0.0179622 -0.595815 0.803029 0.0121803 -0.790869 0.611447 0.0256536 -0.873479 0.485781 0.0324403 -0.765636 0.643269 0.00274258 -0.721193 0.692356 -0.0229009 0.454704 0.87081 -0.186909 0.378326 0.868357 -0.320664 0.288293 0.854143 -0.432812 0.649219 0.711216 -0.269604 0.853784 0.520596 0.00566666 0.679367 0.733602 0.016994 0.540716 0.840217 -0.0407572 -0.527415 0.848597 -0.0414424 -0.742606 0.665055 -0.0789811 -0.768696 0.575449 -0.27922 -0.644562 0.62191 -0.44471 -0.287205 0.836446 -0.466766 0.455256 0.819811 -0.34735 0.385012 0.832188 -0.399036 0.415121 0.821105 -0.391742 0.748522 0.625556 -0.219989 0.623999 0.774456 -0.104133 0.390202 0.917495 -0.0771033 -0.378139 0.922656 -0.0756166 -0.551773 0.820472 -0.149574 -0.585963 0.729902 -0.35198 -0.593258 0.672665 -0.442228 -0.580073 0.690848 -0.43156 0.155758 0.915767 -0.370283 0.530291 0.830819 -0.16891 0.522069 0.81508 -0.251175 0.652467 0.707162 -0.272412 0.445725 0.88324 -0.14566 0.197621 0.978309 -0.0621054 -0.239811 0.970818 -0.00191063 -0.344118 0.934148 -0.0946035 -0.427253 0.86187 -0.273195 -0.478472 0.775476 -0.411947 -0.488218 0.650942 -0.581307 -0.29031 0.507898 -0.811024 0.540751 0.840019 -0.0442441 0.481771 0.689336 -0.541028 0.554343 0.712303 -0.430497 0.467984 0.835087 -0.289172 0.318312 0.938741 -0.13207 0.104857 0.993527 -0.0436939 -0.116418 0.993199 -0.00122707 -0.158817 0.98387 -0.0823234 -0.202216 0.946208 -0.252586 -0.20919 0.885027 -0.415893 -0.123576 0.816248 -0.564329 -0.000526663 0.759155 -0.650909 0.0894765 0.959622 -0.266683 -0.0645788 0.993721 -0.0913687 -0.0739885 0.990142 -0.118933 -0.0719093 0.975175 -0.209432 -0.0690804 0.943496 -0.324104 0.023239 0.933653 -0.357424</float_array>
                    <technique_common>
                        <accessor count="118" source="#ID57" stride="3">
                            <param name="X" type="float"/>
                            <param name="Y" type="float"/>
                            <param name="Z" type="float"/>
                        </accessor>
                    </technique_common>
                </source>
                <source id="ID58">
                    <float_array id="ID59" count="232">0 0 0 0.1 0.1 0.1 0.1 0 0.2 0.1 0.2 0 0.3 0.1 0.3 0 0.4 0.1 0.4 0 0.5 0.1 0.5 0 0.6 0.1 0.6 0 0.7 0.1 0.7 0 0.8 0.1 0.8 0 0.8 0.9 0.8 1 0.9 1 0.9 0.9 0.6 0.9 0.6 1 0.7 1 0.7 0.9 0 0.2 0.1 0.2 0.2 0.2 0.3 0.2 0.4 0.2 0.5 0.2 0.6 0.2 0.7 0.2 0.8 0.2 0.9 0.2 0.9 0.1 0 0.3 0.1 0.3 0.2 0.3 0.3 0.3 0.4 0.3 0.5 0.3 0.6 0.3 0.7 0.3 0.8 0.3 0.9 0.3 1 0.3 1 0.2 0 0.4 0.1 0.4 0.2 0.4 0.3 0.4 0.4 0.4 0.5 0.4 0.6 0.4 0.7 0.4 0.8 0.4 0.9 0.4 1 0.4 0 0.5 0.1 0.5 0.2 0.5 0.3 0.5 0.4 0.5 0.5 0.5 0.6 0.5 0.7 0.5 0.8 0.5 0.9 0.5 1 0.5 0 0.6 0.1 0.6 0.2 0.6 0.3 0.6 0.4 0.6 0.5 0.6 0.6 0.6 0.7 0.6 0.8 0.6 0.9 0.6 1 0.6 0 0.7 0.1 0.7 0.2 0.7 0.3 0.7 0.4 0.7 0.5 0.7 0.6 0.7 0.7 0.7 0.8 0.7 0.9 0.7 1 0.7 0 0.8 0.1 0.8 0.2 0.8 0.3 0.8 0.4 0.8 0.5 0.8 0.6 0.8 0.7 0.8 0.8 0.8 0.9 0.8 1 0.8 0 0.9 0.1 0.9 0.2 0.9 0.3 0.9 0.4 0.9 0.5 0.9 0.5 1 0 1 0.1 1 0.2 1 0.3 1 0.4 1</float_array>
                    <technique_common>
                        <accessor count="116" source="#ID59" stride="2">
                            <param name="S" type="float"/>
                            <param name="T" type="float"/>
                        </accessor>
                    </technique_common>
                </source>
                <vertices id="ID60">
                    <input semantic="POSITION" source="#ID54"/>
                </vertices>
                <polylist count="95" material="Material1">
                    <input offset="0" semantic="VERTEX" source="#ID60"/>
                    <input offset="1" semantic="NORMAL" source="#ID56"/>
                    <input offset="2" semantic="TEXCOORD" source="#ID58" set="0"/>
                    <vcount>4 4 4 4 4 4 4 4 4 4 4 4 4 4 4 4 4 4 4 4 4 4 4 4 4 4 4 4 4 4 4 4 4 4 4 4 4 4 4 4 4 4 4 4 4 4 4 4 4 4 4 4 4 4 4 4 4 4 4 4 4 4 4 4 4 4 4 4 4 4 4 4 4 4 4 4 4 4 4 4 4 4 4 4 4 4 4 4 4 4 4 4 4 4 4</vcount>
                    <p>1 3 3 12 2 2 11 1 1 0 0 0 2 5 5 13 4 4 12 2 2 1 3 3 3 7 7 14 6 6 13 4 4 2 5 5 4 9 9 15 8 8 14 6 6 3 7 7 5 11 11 16 10 10 15 8 8 4 9 9 6 13 13 17 12 12 16 10 10 5 11 11 7 15 15 18 14 14 17 12 12 6 13 13 8 17 17 19 16 16 18 14 14 7 15 15 108 21 21 119 20 20 118 19 19 107 18 18 106 25 25 117 24 24 116 23 23 105 22 22 12 2 2 23 27 27 22 26 26 11 1 1 13 4 4 24 28 28 23 27 27 12 2 2 14 6 6 25 29 29 24 28 28 13 4 4 15 8 8 26 30 30 25 29 29 14 6 6 16 10 10 27 31 31 26 30 30 15 8 8 17 12 12 28 32 32 27 31 31 16 10 10 18 14 14 29 33 33 28 32 32 17 12 12 19 16 16 30 34 34 29 33 33 18 14 14 20 36 36 31 35 35 30 34 34 19 16 16 107 18 18 118 19 19 117 24 24 106 25 25 23 27 27 34 38 38 33 37 37 22 26 26 24 28 28 35 39 39 34 38 38 23 27 27 25 29 29 36 40 40 35 39 39 24 28 28 26 30 30 37 41 41 36 40 40 25 29 29 27 31 31 38 42 42 37 41 41 26 30 30 28 32 32 39 43 43 38 42 42 27 31 31 29 33 33 40 44 44 39 43 43 28 32 32 30 34 34 41 45 45 40 44 44 29 33 33 31 35 35 42 46 46 41 45 45 30 34 34 32 48 48 43 47 47 42 46 46 31 35 35 34 38 38 45 50 50 44 49 49 33 37 37 35 39 39 46 51 51 45 50 50 34 38 38 36 40 40 47 52 52 46 51 51 35 39 39 37 41 41 48 53 53 47 52 52 36 40 40 38 42 42 49 54 54 48 53 53 37 41 41 39 43 43 50 55 55 49 54 54 38 42 42 40 44 44 51 56 56 50 55 55 39 43 43 41 45 45 52 57 57 51 56 56 40 44 44 42 46 46 53 58 58 52 57 57 41 45 45 43 47 47 54 59 59 53 58 58 42 46 46 45 50 50 56 61 61 55 60 60 44 49 49 46 51 51 57 62 62 56 61 61 45 50 50 47 52 52 58 63 63 57 62 62 46 51 51 48 53 53 59 64 64 58 63 63 47 52 52 49 54 54 60 66 65 59 65 64 48 53 53 50 55 55 61 67 66 60 66 65 49 54 54 51 56 56 62 68 67 61 67 66 50 55 55 52 57 57 63 69 68 62 68 67 51 56 56 53 58 58 64 70 69 63 69 68 52 57 57 54 59 59 65 71 70 64 70 69 53 58 58 56 61 61 67 73 72 66 72 71 55 60 60 57 62 62 68 74 73 67 73 72 56 61 61 58 63 63 69 75 74 68 74 73 57 62 62 59 64 64 70 76 75 69 75 74 58 63 63 60 66 65 71 77 76 70 76 75 59 65 64 61 67 66 72 78 77 71 77 76 60 66 65 62 68 67 73 79 78 72 78 77 61 67 66 63 69 68 74 80 79 73 79 78 62 68 67 64 70 69 75 81 80 74 80 79 63 69 68 65 71 70 76 82 81 75 81 80 64 70 69 67 73 72 78 84 83 77 83 82 66 72 71 68 74 73 79 85 84 78 84 83 67 73 72 69 75 74 80 86 85 79 85 84 68 74 73 70 76 75 81 87 86 80 86 85 69 75 74 71 77 76 82 88 87 81 87 86 70 76 75 72 78 77 83 89 88 82 88 87 71 77 76 73 79 78 84 90 89 83 89 88 72 78 77 74 80 79 85 91 90 84 90 89 73 79 78 75 81 80 86 92 91 85 91 90 74 80 79 76 82 81 87 93 92 86 92 91 75 81 80 78 84 83 89 95 94 88 94 93 77 83 82 79 85 84 90 96 95 89 95 94 78 84 83 80 86 85 91 97 96 90 96 95 79 85 84 81 87 86 92 98 97 91 97 96 80 86 85 82 88 87 93 99 98 92 98 97 81 87 86 83 89 88 94 101 99 93 100 98 82 88 87 84 90 89 95 102 100 94 101 99 83 89 88 85 91 90 96 103 101 95 102 100 84 90 89 86 92 91 97 104 102 96 103 101 85 91 90 87 93 92 98 105 103 97 104 102 86 92 91 89 95 94 100 107 105 99 106 104 88 94 93 90 96 95 101 108 106 100 107 105 89 95 94 91 97 96 102 109 107 101 108 106 90 96 95 92 98 97 103 110 108 102 109 107 91 97 96 93 99 98 104 111 109 103 110 108 92 98 97 94 101 99 105 22 22 104 111 109 93 99 98 95 102 100 106 25 25 105 22 22 94 101 99 96 103 101 107 18 18 106 25 25 95 102 100 97 104 102 108 21 21 107 18 18 96 103 101 105 22 22 116 23 23 115 112 110 104 111 109 100 107 105 111 114 112 110 113 111 99 106 104 101 108 106 112 115 113 111 114 112 100 107 105 102 109 107 113 116 114 112 115 113 101 108 106 103 110 108 114 117 115 113 116 114 102 109 107 104 111 109 115 112 110 114 117 115 103 110 108</p>
                </polylist>
            </mesh>
        </geometry>
        <geometry id="ID62">
            <mesh>
                <source id="ID63">
                    <float_array id="ID64" count="363">-52.1886 -39.0555 77.5479 -42.4893 -39.7447 78.9139 -31.8477 -39.7213 78.8676 -20.8968 -39.0954 77.6271 -10.3167 -38.6027 76.6482 2.27909e-17 -39.156 77.7474 10.7156 -40.0951 79.6062 20.6454 -38.625 76.6926 30.1495 -37.601 74.6514 40.787 -38.1519 75.7508 52.3916 -39.2072 77.8491 -52.7697 -39.4889 62.7257 -42.0636 -37.8599 62.5017 -30.3342 -35.1187 60.0878 -14.928 -27.0979 59.0998 -6.84061 -23.5398 65.8876 -1.02422 -24.3826 64.1571 10.628 -32.4796 63.1664 20.6582 -33.5141 61.3922 30.249 -36.2011 59.9164 39.9719 -37.2816 59.367 53.65 -40.1415 63.7575 -52.8229 -39.5279 47.0901 -43.1568 -36.1988 48.0737 -31.7202 -30.6776 47.1307 -20.8041 -24.3718 46.3697 -9.83348 -13.8269 43.8266 1.14088e-16 -13.3721 47.4566 10.8748 -20.9516 48.4688 20.1918 -23.2537 44.9974 32.2269 -31.5549 47.8741 43.4599 -39.3163 48.4005 53.0809 -39.719 47.3167 -52.7282 -39.4568 31.3369 -41.4113 -33.9479 30.7662 -33.0244 -21.9939 32.6756 -19.8941 -11.2317 29.5477 -10.4074 3.95074 30.9292 0.305553 -0.994775 31.3094 17.0861 -5.07849 33.7648 27.6747 -16.7121 33.7182 31.8979 -22.8548 31.5932 44.1376 -35.451 32.7329 50.2716 -37.5997 29.8541 -54.2443 -40.5554 16.0981 -41.8231 -32.3401 15.5362 -32.1507 -18.0706 15.9157 -20.6705 0.702141 15.3568 -10.963 8.86376 16.2796 0.305553 14.4062 17.6796 13.9179 10.379 14.1959 27.4133 -11.0368 17.5289 28.3507 -20.3994 13.9367 42.256 -31.5978 15.6948 51.235 -38.3355 15.2224 -49.1725 -36.7143 3.66607e-14 -38.1265 -27.9214 3.76671e-14 -32.9512 -12.1004 3.92793e-14 -22.6397 7.18542 4.06433e-14 -11.8514 17.936 4.21569e-14 4.9949e-15 3.53229 4.60992e-14 14.7156 2.445 4.63724e-14 23.9376 2.35695 4.62539e-14 33.4793 -18.8136 4.68825e-14 41.3809 -31.2757 4.72515e-14 51.4459 -38.4956 4.83483e-14 -50.4912 -37.7631 -14.9917 -38.8466 -29.3017 -14.3671 -33.5698 -12.8804 -16.5722 -21.3921 -4.74487 -15.8884 -10.9944 8.75221 -16.3252 3.91179e-16 2.92936 -16.6362 9.66138 -8.96449 -14.334 20.3163 -10.6587 -15.0891 33.7559 -19.8435 -16.6529 43.0016 -34.5855 -15.9615 49.8652 -37.2739 -14.7928 -50.3315 -37.6459 -29.8913 -43.9348 -35.6438 -32.5913 -30.8602 -24.1698 -30.5683 -20.5249 -17.7974 -30.4965 -11.2607 -6.98368 -33.4513 -5.90365 3.89545 -29.598 5.2991 -11.3163 -31.999 21.4111 -14.3893 -31.8099 32.7994 -27.2573 -32.4594 42.6461 -36.6273 -31.6747 51.1176 -38.2479 -30.3753 -53.631 -40.1244 -47.7962 -42.8335 -36.942 -47.7217 -30.8423 -29.6618 -45.8269 -20.8786 -24.4625 -46.5358 -10.5986 -14.9168 -47.2453 2.64221 -8.63844 -54.3068 13.3215 -9.72305 -53.1895 21.7655 -25.8922 -48.4964 30.3561 -31.5322 -45.0955 43.2212 -38.1949 -48.1429 50.9258 -38.1044 -45.3919 -50.068 -37.4558 -59.4867 -40.7626 -36.7798 -60.562 -30.3346 -35.0855 -60.0886 -21.0806 -33.6833 -62.6468 -10.5391 -32.4086 -62.6403 -7.52918e-17 -34.4949 -61.038 10.6441 -36.5994 -63.2612 20.9252 -35.1508 -62.1861 31.8386 -36.6501 -63.075 40.6738 -36.8646 -60.4283 52.7982 -39.5101 -62.7593 -52.1365 -39.0165 -77.4704 -41.0663 -38.4142 -76.2732 -30.6193 -38.189 -75.8247 -21.3676 -39.9755 -79.3701 -10.1069 -37.8173 -75.0829 5.93586e-17 -39.4279 -78.2865 10.1311 -37.9079 -75.2638 20.8899 -39.0825 -77.6016 31.7658 -39.6194 -78.6657 41.9291 -39.2221 -77.8785 51.1287 -38.2602 -75.9667</float_array>
                    <technique_common>
                        <accessor count="121" source="#ID64" stride="3">
                            <param name="X" type="float"/>
                            <param name="Y" type="float"/>
                            <param name="Z" type="float"/>
                        </accessor>
                    </technique_common>
                </source>
                <source id="ID65">
                    <float_array id="ID66" count="354">-0.0486837 0.99773 0.0465176 -0.143792 0.988111 0.0544131 -0.17133 0.976446 0.131148 -0.0765554 0.99095 0.110258 -0.266126 0.91961 0.288952 -0.166173 0.945843 0.278867 -0.395942 0.803113 0.44524 -0.262977 0.823094 0.503347 -0.190084 0.768639 0.610788 -0.0806704 0.686332 0.722801 0.236261 0.76114 0.604026 0.198785 0.708093 0.677561 0.276704 0.816763 0.506294 0.158626 0.871578 0.463885 0.208734 0.894565 0.395201 0.0847842 0.954283 0.28663 0.271704 0.927487 0.256797 0.109412 0.973002 0.203216 0.184467 0.955816 -0.228883 0.0454221 0.981154 -0.187812 0.0194325 0.987205 -0.15827 0.155519 0.976652 -0.148202 0.168053 0.782699 -0.599284 0.0206077 0.98194 -0.188069 0.0291117 0.979646 -0.198611 0.256794 0.875092 -0.410209 -0.312746 0.948322 0.0536307 -0.391885 0.906594 0.156568 -0.452612 0.820252 0.349755 -0.527401 0.708829 0.468411 -0.314683 0.748256 0.584027 0.189922 0.760046 0.621499 0.367833 0.69305 0.619985 0.440009 0.697135 0.566034 0.49371 0.791772 0.359649 0.399221 0.895014 0.198929 0.328249 0.936519 0.123227 -0.440406 0.896514 0.0480047 -0.598027 0.793118 0.115443 -0.656071 0.685301 0.316123 -0.619573 0.631228 0.466563 -0.384899 0.703148 0.59786 0.0876761 0.740571 0.666234 0.436429 0.670161 0.600345 0.736426 0.552509 0.390397 0.744297 0.630546 0.220075 0.508301 0.850148 0.137395 0.357156 0.927391 0.111294 0.240734 0.954363 0.176746 -0.540216 0.840051 0.0498127 -0.722015 0.689122 0.0616811 -0.820187 0.538055 0.194396 -0.721523 0.596297 0.351901 -0.342649 0.872226 0.349018 0.147074 0.973827 0.173291 0.460523 0.883889 0.0815989 0.839155 0.536616 0.0886758 0.856257 0.505342 0.10702 0.622223 0.780559 0.0597127 0.530853 0.847274 0.0179622 -0.595815 0.803029 0.0121804 -0.790869 0.611447 0.0256536 -0.873479 0.485781 0.0324403 -0.765636 0.643269 0.00274257 -0.721193 0.692356 -0.022901 0.454704 0.87081 -0.186909 0.378326 0.868357 -0.320664 0.288293 0.854143 -0.432812 0.649219 0.711216 -0.269604 0.853784 0.520596 0.00566668 0.679367 0.733602 0.0169941 0.540716 0.840217 -0.0407572 -0.527414 0.848597 -0.0414423 -0.742606 0.665055 -0.0789811 -0.768696 0.575449 -0.27922 -0.644562 0.62191 -0.444711 -0.287205 0.836446 -0.466766 0.455256 0.819811 -0.34735 0.385012 0.832188 -0.399036 0.415121 0.821105 -0.391742 0.748522 0.625556 -0.219989 0.623999 0.774456 -0.104133 0.390203 0.917495 -0.0771032 -0.378138 0.922656 -0.0756166 -0.551773 0.820472 -0.149574 -0.585963 0.729902 -0.35198 -0.593258 0.672666 -0.442228 -0.580073 0.690848 -0.43156 0.155758 0.915767 -0.370283 0.530291 0.830819 -0.168911 0.522069 0.81508 -0.251175 0.652467 0.707162 -0.272412 0.445725 0.88324 -0.14566 0.197621 0.978309 -0.0621054 -0.23981 0.970818 -0.00191071 -0.344118 0.934148 -0.0946035 -0.427254 0.86187 -0.273194 -0.478472 0.775476 -0.411947 -0.488218 0.650942 -0.581307 -0.29031 0.507898 -0.811024 0.54075 0.840019 -0.0442442 0.481771 0.689336 -0.541028 0.554343 0.712303 -0.430497 0.467984 0.835087 -0.289172 0.318312 0.938741 -0.13207 0.104857 0.993527 -0.0436939 -0.116419 0.993199 -0.00122711 -0.158817 0.98387 -0.0823234 -0.202216 0.946208 -0.252586 -0.20919 0.885027 -0.415893 -0.123576 0.816248 -0.56433 -0.000526655 0.759155 -0.650909 0.0894764 0.959622 -0.266683 -0.064579 0.993721 -0.0913687 -0.0739886 0.990142 -0.118933 -0.0719093 0.975175 -0.209432 -0.0690804 0.943496 -0.324104 0.023239 0.933653 -0.357424</float_array>
                    <technique_common>
                        <accessor count="118" source="#ID66" stride="3">
                            <param name="X" type="float"/>
                            <param name="Y" type="float"/>
                            <param name="Z" type="float"/>
                        </accessor>
                    </technique_common>
                </source>
                <source id="ID67">
                    <float_array id="ID68" count="232">0 0 0 0.1 0.1 0.1 0.1 0 0.2 0.1 0.2 0 0.3 0.1 0.3 0 0.4 0.1 0.4 0 0.5 0.1 0.5 0 0.6 0.1 0.6 0 0.7 0.1 0.7 0 0.8 0.1 0.8 0 0.8 0.9 0.8 1 0.9 1 0.9 0.9 0.6 0.9 0.6 1 0.7 1 0.7 0.9 0 0.2 0.1 0.2 0.2 0.2 0.3 0.2 0.4 0.2 0.5 0.2 0.6 0.2 0.7 0.2 0.8 0.2 0.9 0.2 0.9 0.1 0 0.3 0.1 0.3 0.2 0.3 0.3 0.3 0.4 0.3 0.5 0.3 0.6 0.3 0.7 0.3 0.8 0.3 0.9 0.3 1 0.3 1 0.2 0 0.4 0.1 0.4 0.2 0.4 0.3 0.4 0.4 0.4 0.5 0.4 0.6 0.4 0.7 0.4 0.8 0.4 0.9 0.4 1 0.4 0 0.5 0.1 0.5 0.2 0.5 0.3 0.5 0.4 0.5 0.5 0.5 0.6 0.5 0.7 0.5 0.8 0.5 0.9 0.5 1 0.5 0 0.6 0.1 0.6 0.2 0.6 0.3 0.6 0.4 0.6 0.5 0.6 0.6 0.6 0.7 0.6 0.8 0.6 0.9 0.6 1 0.6 0 0.7 0.1 0.7 0.2 0.7 0.3 0.7 0.4 0.7 0.5 0.7 0.6 0.7 0.7 0.7 0.8 0.7 0.9 0.7 1 0.7 0 0.8 0.1 0.8 0.2 0.8 0.3 0.8 0.4 0.8 0.5 0.8 0.6 0.8 0.7 0.8 0.8 0.8 0.9 0.8 1 0.8 0 0.9 0.1 0.9 0.2 0.9 0.3 0.9 0.4 0.9 0.5 0.9 0.5 1 0 1 0.1 1 0.2 1 0.3 1 0.4 1</float_array>
                    <technique_common>
                        <accessor count="116" source="#ID68" stride="2">
                            <param name="S" type="float"/>
                            <param name="T" type="float"/>
                        </accessor>
                    </technique_common>
                </source>
                <vertices id="ID69">
                    <input semantic="POSITION" source="#ID63"/>
                </vertices>
                <polylist count="95" material="Material1">
                    <input offset="0" semantic="VERTEX" source="#ID69"/>
                    <input offset="1" semantic="NORMAL" source="#ID65"/>
                    <input offset="2" semantic="TEXCOORD" source="#ID67" set="0"/>
                    <vcount>4 4 4 4 4 4 4 4 4 4 4 4 4 4 4 4 4 4 4 4 4 4 4 4 4 4 4 4 4 4 4 4 4 4 4 4 4 4 4 4 4 4 4 4 4 4 4 4 4 4 4 4 4 4 4 4 4 4 4 4 4 4 4 4 4 4 4 4 4 4 4 4 4 4 4 4 4 4 4 4 4 4 4 4 4 4 4 4 4 4 4 4 4 4 4</vcount>
                    <p>1 3 3 12 2 2 11 1 1 0 0 0 2 5 5 13 4 4 12 2 2 1 3 3 3 7 7 14 6 6 13 4 4 2 5 5 4 9 9 15 8 8 14 6 6 3 7 7 5 11 11 16 10 10 15 8 8 4 9 9 6 13 13 17 12 12 16 10 10 5 11 11 7 15 15 18 14 14 17 12 12 6 13 13 8 17 17 19 16 16 18 14 14 7 15 15 108 21 21 119 20 20 118 19 19 107 18 18 106 25 25 117 24 24 116 23 23 105 22 22 12 2 2 23 27 27 22 26 26 11 1 1 13 4 4 24 28 28 23 27 27 12 2 2 14 6 6 25 29 29 24 28 28 13 4 4 15 8 8 26 30 30 25 29 29 14 6 6 16 10 10 27 31 31 26 30 30 15 8 8 17 12 12 28 32 32 27 31 31 16 10 10 18 14 14 29 33 33 28 32 32 17 12 12 19 16 16 30 34 34 29 33 33 18 14 14 20 36 36 31 35 35 30 34 34 19 16 16 107 18 18 118 19 19 117 24 24 106 25 25 23 27 27 34 38 38 33 37 37 22 26 26 24 28 28 35 39 39 34 38 38 23 27 27 25 29 29 36 40 40 35 39 39 24 28 28 26 30 30 37 41 41 36 40 40 25 29 29 27 31 31 38 42 42 37 41 41 26 30 30 28 32 32 39 43 43 38 42 42 27 31 31 29 33 33 40 44 44 39 43 43 28 32 32 30 34 34 41 45 45 40 44 44 29 33 33 31 35 35 42 46 46 41 45 45 30 34 34 32 48 48 43 47 47 42 46 46 31 35 35 34 38 38 45 50 50 44 49 49 33 37 37 35 39 39 46 51 51 45 50 50 34 38 38 36 40 40 47 52 52 46 51 51 35 39 39 37 41 41 48 53 53 47 52 52 36 40 40 38 42 42 49 54 54 48 53 53 37 41 41 39 43 43 50 55 55 49 54 54 38 42 42 40 44 44 51 56 56 50 55 55 39 43 43 41 45 45 52 57 57 51 56 56 40 44 44 42 46 46 53 58 58 52 57 57 41 45 45 43 47 47 54 59 59 53 58 58 42 46 46 45 50 50 56 61 61 55 60 60 44 49 49 46 51 51 57 62 62 56 61 61 45 50 50 47 52 52 58 63 63 57 62 62 46 51 51 48 53 53 59 64 64 58 63 63 47 52 52 49 54 54 60 66 65 59 65 64 48 53 53 50 55 55 61 67 66 60 66 65 49 54 54 51 56 56 62 68 67 61 67 66 50 55 55 52 57 57 63 69 68 62 68 67 51 56 56 53 58 58 64 70 69 63 69 68 52 57 57 54 59 59 65 71 70 64 70 69 53 58 58 56 61 61 67 73 72 66 72 71 55 60 60 57 62 62 68 74 73 67 73 72 56 61 61 58 63 63 69 75 74 68 74 73 57 62 62 59 64 64 70 76 75 69 75 74 58 63 63 60 66 65 71 77 76 70 76 75 59 65 64 61 67 66 72 78 77 71 77 76 60 66 65 62 68 67 73 79 78 72 78 77 61 67 66 63 69 68 74 80 79 73 79 78 62 68 67 64 70 69 75 81 80 74 80 79 63 69 68 65 71 70 76 82 81 75 81 80 64 70 69 67 73 72 78 84 83 77 83 82 66 72 71 68 74 73 79 85 84 78 84 83 67 73 72 69 75 74 80 86 85 79 85 84 68 74 73 70 76 75 81 87 86 80 86 85 69 75 74 71 77 76 82 88 87 81 87 86 70 76 75 72 78 77 83 89 88 82 88 87 71 77 76 73 79 78 84 90 89 83 89 88 72 78 77 74 80 79 85 91 90 84 90 89 73 79 78 75 81 80 86 92 91 85 91 90 74 80 79 76 82 81 87 93 92 86 92 91 75 81 80 78 84 83 89 95 94 88 94 93 77 83 82 79 85 84 90 96 95 89 95 94 78 84 83 80 86 85 91 97 96 90 96 95 79 85 84 81 87 86 92 98 97 91 97 96 80 86 85 82 88 87 93 99 98 92 98 97 81 87 86 83 89 88 94 101 99 93 100 98 82 88 87 84 90 89 95 102 100 94 101 99 83 89 88 85 91 90 96 103 101 95 102 100 84 90 89 86 92 91 97 104 102 96 103 101 85 91 90 87 93 92 98 105 103 97 104 102 86 92 91 89 95 94 100 107 105 99 106 104 88 94 93 90 96 95 101 108 106 100 107 105 89 95 94 91 97 96 102 109 107 101 108 106 90 96 95 92 98 97 103 110 108 102 109 107 91 97 96 93 99 98 104 111 109 103 110 108 92 98 97 94 101 99 105 22 22 104 111 109 93 99 98 95 102 100 106 25 25 105 22 22 94 101 99 96 103 101 107 18 18 106 25 25 95 102 100 97 104 102 108 21 21 107 18 18 96 103 101 105 22 22 116 23 23 115 112 110 104 111 109 100 107 105 111 114 112 110 113 111 99 106 104 101 108 106 112 115 113 111 114 112 100 107 105 102 109 107 113 116 114 112 115 113 101 108 106 103 110 108 114 117 115 113 116 114 102 109 107 104 111 109 115 112 110 114 117 115 103 110 108</p>
                </polylist>
            </mesh>
        </geometry>
        <geometry id="ID71">
            <mesh>
                <source id="ID72">
                    <float_array id="ID73" count="168">2.17504 1.26926 0.135962 1.83038 1.86623 0.135959 1.83038 1.86623 1.61583 2.17504 1.26926 1.61583 0.170942 0.631431 8.15781 -0.51838 0.631431 3.26312 -0.51838 0.631431 10.7254 0.170942 0.631431 10.7254 -0.86304 0.0344618 3.26312 -0.86304 0.0344618 10.7254 -0.51838 -0.562509 3.26312 -0.51838 -0.562509 10.7254 0.170942 -0.562509 3.26312 0.170942 -0.562509 10.7254 0.515602 0.0344618 8.15781 0.515602 0.0344618 10.7254 0.243358 0.756861 15.4684 0.660436 0.0344618 15.4684 -0.590797 0.756861 15.4684 -1.00788 0.0344618 15.4684 -0.590797 -0.687937 15.4684 0.243358 -0.687937 15.4684 0.300233 0.855371 21.2991 0.774184 0.0344618 21.2991 -0.647671 0.855371 21.2991 -1.12162 0.0344618 21.2991 -0.647671 -0.786447 21.2991 0.300233 -0.786447 21.2991 -0.17372 0.0344618 3.26312 -0.17372 0.0344618 21.2991 0.0708284 0.0592451 -6.2419 0.821067 -2.09575 -4.88586 -1.7332 -1.76888 -4.28964 -2.66089 -0.573324 -3.65551 -1.64985 2.10255 -4.595 -0.368349 3.30225 -3.81943 2.48075 2.38501 -3.71998 3.49024 -0.198973 -5.0177 2.49061 -1.74576 -4.56386 0.274444 -3.85512 0.120344 -1.994 -2.90565 -0.281038 -4.47574 0.575677 -1.45905 -2.33394 3.52922 -0.091147 -0.0597378 3.88417 -0.982911 4.44207 2.64892 0.612767 3.98079 -1.34642 -2.58143 2.72743 -2.6276 0.133658 -0.317708 -3.00705 4.82084 -3.06103 -1.81191 4.20965 -4.61894 0.0592451 2.84969 -2.71544 1.88737 5.59593 -0.0594898 3.07496 4.82084 2.97924 3.65939 3.66774 3.93401 0.446567 2.38655 2.06987 -1.76888 4.83535 0.239112 0.0592435 5.9245</float_array>
                    <technique_common>
                        <accessor count="56" source="#ID73" stride="3">
                            <param name="X" type="float"/>
                            <param name="Y" type="float"/>
                            <param name="Z" type="float"/>
                        </accessor>
                    </technique_common>
                </source>
                <source id="ID74">
                    <float_array id="ID75" count="168">0.708648 0.696873 0.110389 -0.579958 0.805259 -0.123316 0.579006 -0.685601 -0.441252 0.975518 -0.207136 0.073886 -0.499913 0.865941 -0.0152639 -0.303739 0.869135 -0.390317 -0.186841 0.950489 -0.248318 0.0919691 0.995447 0.0250489 -0.999883 3.39215e-05 -0.0152639 -0.78335 -0.150755 -0.603023 -0.499971 -0.865907 -0.0152637 -0.261117 -0.753778 -0.603023 0.499913 -0.865941 -0.0152637 0.810115 -0.470018 -0.350423 0.997303 -0.0492846 0.0543752 0.869559 -0.472068 -0.144981 0.499826 0.865764 -0.0250142 0.999687 2.00154e-05 -0.0250141 -0.49986 0.865745 -0.0250142 -0.999687 -2.00613e-05 -0.0250142 -0.499826 -0.865764 -0.0250141 0.499861 -0.865744 -0.025014 0.527023 0.608554 0.593219 0.790535 -0.152139 0.593219 -0.263512 0.760693 0.593219 -0.790535 0.152139 0.593219 -0.527023 -0.608554 0.593219 0.263512 -0.760693 0.593219 0.574108 0.331462 -0.748687 0 0 1 -0.592935 -0.586481 -0.551786 -0.0528289 -0.827241 -0.559359 -0.0945004 0.0219104 -0.995284 -0.776338 0.0863483 -0.624374 -0.617395 0.596965 -0.512304 0.0318012 0.877088 -0.479276 0.612473 0.611115 -0.501413 0.689914 -0.297966 -0.659723 0.453146 -0.7224 -0.522299 -0.565795 -0.811023 -0.148721 -0.00035612 -0.997498 -0.0706892 -0.95656 0.0562796 -0.286051 -0.557218 0.817905 -0.143317 -0.0933757 0.991167 -0.0941729 0.778889 0.617572 -0.109259 0.951343 -0.296934 -0.08232 0.554605 -0.831795 -0.0230271 -0.601624 -0.634929 0.484679 0.0812834 -0.807751 0.583893 -0.879485 -0.266443 0.394353 -0.623867 0.537355 0.567485 -0.0439422 0.836586 0.54607 0.559193 0.627786 0.541468 0.887178 -0.087759 0.453005 0.713896 -0.456712 0.530817 0.0962486 -0.0277007 0.994972</float_array>
                    <technique_common>
                        <accessor count="56" source="#ID75" stride="3">
                            <param name="X" type="float"/>
                            <param name="Y" type="float"/>
                            <param name="Z" type="float"/>
                        </accessor>
                    </technique_common>
                </source>
                <source id="ID76">
                    <float_array id="ID77" count="126">0.904008 0.738542 0.981876 0.768352 0.984617 0.682564 0.91589 0.662606 0.741566 0.528248 0.723399 0.586743 0.756661 0.536919 0.755091 0.528273 0.734837 0.500912 0.703036 0.502789 0.741566 0.473569 0.723399 0.418614 0.755091 0.473546 0.766143 0.41792 0.761838 0.500914 0.765472 0.501194 0.754536 0.523717 0.760227 0.500637 0.743134 0.523704 0.737453 0.500636 0.743134 0.477565 0.754536 0.477553 0.75387 0.519578 0.758583 0.500464 0.744433 0.519572 0.739725 0.500464 0.744433 0.481354 0.75387 0.481348 0.744676 0.502914 0.749151 0.500465 0.328138 0.328328 0.209764 0.310028 0.244407 0.503676 0.374022 0.440843 0.320264 0.687672 0.266283 0.803048 0.127533 0.705156 0.125887 0.484379 0.143969 0.353986 0.492396 0.162009 0.917223 0.0292977 0.465423 0.546218 0.503565 0.84096 0.242565 0.957087 0.979923 0.689078 1.24257 0.957087 1.26628 0.803048 1.12753 0.705156 1.06643 0.390583 0.0664252 0.390583 0.987718 0.235537 1.12589 0.484379 1.14397 0.353986 1.20976 0.310028 0.632172 0.3562 0.740173 0.257811 0.573095 0.503297 0.662482 0.630925 0.751242 0.744519 0.880858 0.753021 0.92991 0.536053 0.833684 0.356117 0.761487 0.503669</float_array>
                    <technique_common>
                        <accessor count="63" source="#ID77" stride="2">
                            <param name="S" type="float"/>
                            <param name="T" type="float"/>
                        </accessor>
                    </technique_common>
                </source>
                <vertices id="ID78">
                    <input semantic="POSITION" source="#ID72"/>
                </vertices>
                <polylist count="56" material="Material1">
                    <input offset="0" semantic="VERTEX" source="#ID78"/>
                    <input offset="1" semantic="NORMAL" source="#ID74"/>
                    <input offset="2" semantic="TEXCOORD" source="#ID76" set="0"/>
                    <vcount>3 3 3 3 3 3 3 3 3 3 3 3 3 3 3 3 3 3 3 3 3 3 3 3 3 3 3 3 3 3 3 3 3 3 3 3 3 3 3 3 3 3 3 3 3 3 3 3 3 3 3 3 3 3 3 3</vcount>
                    <p>0 2 2 1 1 1 2 0 0 0 2 2 2 0 0 3 3 3 4 6 6 5 5 5 6 4 4 4 6 6 6 4 4 7 7 7 5 5 5 8 9 9 9 8 8 5 5 5 9 8 8 6 4 4 8 9 9 10 11 11 11 10 10 8 9 9 11 10 10 9 8 8 10 11 11 12 13 13 13 12 12 10 11 11 13 12 12 11 10 10 12 13 13 14 15 15 15 14 14 12 13 13 15 14 14 13 12 12 15 14 14 7 7 7 16 16 16 15 14 14 16 16 16 17 17 17 7 7 7 6 4 4 18 18 18 7 7 7 18 18 18 16 16 16 6 4 4 9 8 8 19 19 19 6 4 4 19 19 19 18 18 18 9 8 8 11 10 10 20 20 20 9 8 8 20 20 20 19 19 19 11 10 10 13 12 12 21 21 21 11 10 10 21 21 21 20 20 20 13 12 12 15 14 14 17 17 17 13 12 12 17 17 17 21 21 21 17 17 17 16 16 16 22 22 22 17 17 17 22 22 22 23 23 23 16 16 16 18 18 18 24 24 24 16 16 16 24 24 24 22 22 22 18 18 18 19 19 19 25 25 25 18 18 18 25 25 25 24 24 24 19 19 19 20 20 20 26 26 26 19 19 19 26 26 26 25 25 25 20 20 20 21 21 21 27 27 27 20 20 20 27 27 27 26 26 26 21 21 21 17 17 17 23 23 23 21 21 21 23 23 23 27 27 27 4 6 6 14 15 15 28 28 28 5 5 5 4 6 6 28 28 28 8 9 9 5 5 5 28 28 28 10 11 11 8 9 9 28 28 28 12 13 13 10 11 11 28 28 28 14 15 15 12 13 13 28 28 28 23 23 23 22 22 22 29 29 29 22 22 22 24 24 24 29 29 29 24 24 24 25 25 25 29 29 29 25 25 25 26 26 26 29 29 29 26 26 26 27 27 27 29 29 29 27 27 27 23 23 23 29 29 29 0 2 2 14 15 15 4 6 6 4 6 6 1 1 1 0 2 2 1 1 1 4 6 6 7 7 7 7 7 7 2 0 0 1 1 1 2 0 0 7 7 7 15 14 14 15 14 14 3 3 3 2 0 0 3 3 3 15 14 14 14 15 15 14 15 15 0 2 2 3 3 3</p>
                </polylist>
                <polylist count="48" material="Material2">
                    <input offset="0" semantic="VERTEX" source="#ID78"/>
                    <input offset="1" semantic="NORMAL" source="#ID74"/>
                    <input offset="2" semantic="TEXCOORD" source="#ID76" set="0"/>
                    <vcount>3 3 3 3 3 3 3 3 3 3 3 3 3 3 3 3 3 3 3 3 3 3 3 3 3 3 3 3 3 3 3 3 3 3 3 3 3 3 3 3 3 3 3 3 3 3 3 3</vcount>
                    <p>30 32 32 31 31 31 32 30 30 30 32 32 32 30 30 33 33 33 30 32 32 33 33 33 34 34 34 30 32 32 34 34 34 35 35 35 30 32 32 35 35 35 36 36 36 30 32 32 36 36 36 37 37 37 30 32 32 37 37 37 38 38 38 30 32 32 38 38 38 31 31 31 31 31 31 39 40 40 40 39 39 31 31 31 40 39 39 32 30 30 32 30 30 40 39 39 41 41 41 32 30 30 41 41 41 33 33 33 33 33 33 41 41 41 42 42 42 33 33 33 42 42 42 34 34 34 34 34 34 42 42 42 43 43 43 34 34 34 43 43 43 35 35 35 35 35 46 43 43 45 44 44 44 35 35 46 44 44 44 36 36 47 36 36 47 44 44 44 45 45 48 36 36 36 45 45 49 37 37 37 37 37 51 45 45 48 46 46 50 37 37 51 46 46 50 38 38 52 38 38 52 46 46 50 39 40 40 38 38 52 39 40 40 31 31 53 39 40 40 47 48 55 48 47 54 39 40 40 48 47 54 40 39 39 40 39 39 48 47 54 49 49 56 40 39 39 49 49 56 41 41 41 41 41 41 49 49 56 50 50 57 41 41 41 50 50 57 42 42 42 42 42 42 50 50 57 51 51 58 42 42 42 51 51 58 43 43 45 43 43 45 51 51 58 52 52 59 43 43 45 52 52 59 44 44 44 44 44 44 52 52 59 53 53 60 44 44 44 53 53 60 45 45 48 45 45 48 53 53 60 54 54 61 45 45 48 54 54 61 46 46 50 46 46 50 54 54 61 47 48 55 46 46 50 47 48 55 39 40 40 55 55 62 54 54 61 53 53 60 55 55 62 53 53 60 52 52 59 55 55 62 52 52 59 51 51 58 55 55 62 51 51 58 50 50 57 55 55 62 50 50 57 49 49 56 55 55 62 49 49 56 48 47 54 55 55 62 48 47 54 47 48 55 55 55 62 47 48 55 54 54 61</p>
                </polylist>
            </mesh>
        </geometry>
        <geometry id="ID80">
            <mesh>
                <source id="ID81">
                    <float_array id="ID82" count="168">2.17504 1.26926 0.0747781 1.83038 1.86623 0.0747765 1.83038 1.86623 0.888691 2.17504 1.26926 0.888691 0.170942 0.631431 4.48673 -0.51838 0.631431 1.79469 -0.51838 0.631431 5.89887 0.170942 0.631431 5.89887 -0.86304 0.0344618 1.79469 -0.86304 0.0344618 5.89887 -0.51838 -0.562509 1.79469 -0.51838 -0.562509 5.89887 0.170942 -0.562509 1.79469 0.170942 -0.562509 5.89887 0.515602 0.0344618 4.48673 0.515602 0.0344618 5.89887 0.243358 0.756861 8.50747 0.660436 0.0344618 8.50747 -0.590797 0.756861 8.50747 -1.00788 0.0344618 8.50747 -0.590797 -0.687937 8.50747 0.243358 -0.687937 8.50747 0.300233 0.855371 11.7143 0.774184 0.0344618 11.7143 -0.647671 0.855371 11.7143 -1.12162 0.0344618 11.7143 -0.647671 -0.786447 11.7143 0.300233 -0.786447 11.7143 -0.17372 0.0344618 1.79469 -0.17372 0.0344618 11.7143 0.0708284 0.0592451 -3.43299 0.821067 -2.09575 -2.68718 -1.7332 -1.76888 -2.35927 -2.66089 -0.573324 -2.0105 -1.64985 2.10255 -2.52721 -0.368349 3.30225 -2.10066 2.48075 2.38501 -2.04596 3.49024 -0.198973 -2.75969 2.49061 -1.74576 -2.51008 0.274444 -3.85512 0.066188 -1.994 -2.90565 -0.154569 -4.47574 0.575677 -0.802468 -2.33394 3.52922 -0.0501301 -0.0597378 3.88417 -0.540593 4.44207 2.64892 0.337017 3.98079 -1.34642 -1.41977 2.72743 -2.6276 0.0735109 -0.317708 -3.00705 2.65142 -3.06103 -1.81191 2.31527 -4.61894 0.0592451 1.5673 -2.71544 1.88737 3.07772 -0.0594898 3.07496 2.65142 2.97924 3.65939 2.01723 3.93401 0.446567 1.31258 2.06987 -1.76888 2.6594 0.239112 0.0592435 3.25842</float_array>
                    <technique_common>
                        <accessor count="56" source="#ID82" stride="3">
                            <param name="X" type="float"/>
                            <param name="Y" type="float"/>
                            <param name="Z" type="float"/>
                        </accessor>
                    </technique_common>
                </source>
                <source id="ID83">
                    <float_array id="ID84" count="168">0.695143 0.692569 0.192679 -0.546766 0.811196 -0.207383 0.56703 -0.529617 -0.630858 0.967679 -0.217098 0.128317 -0.499711 0.865748 -0.0277343 -0.304866 0.855607 -0.418321 -0.149775 0.903408 -0.401774 0.0845123 0.995533 0.042103 -0.999615 0.000111335 -0.0277343 -0.78335 -0.150755 -0.603023 -0.499904 -0.865636 -0.0277339 -0.261117 -0.753778 -0.603023 0.499712 -0.865748 -0.0277339 0.798905 -0.468598 -0.377051 0.993946 -0.0575063 0.0936178 0.855146 -0.455996 -0.246561 0.499426 0.865164 -0.0454458 0.998967 6.57769e-05 -0.0454457 -0.49954 0.865098 -0.0454458 -0.998967 -6.58228e-05 -0.0454459 -0.499427 -0.865163 -0.0454458 0.49954 -0.865098 -0.0454455 0.530908 0.613039 0.585081 0.796362 -0.15326 0.585081 -0.265454 0.766299 0.585081 -0.796361 0.15326 0.585081 -0.530907 -0.61304 0.585081 0.265454 -0.766299 0.585081 0.542046 0.312951 -0.779902 0 0 1 -0.472296 -0.486039 -0.735325 -0.0485384 -0.680071 -0.731538 -0.0596763 0.015257 -0.998101 -0.592127 0.0652416 -0.803199 -0.531925 0.512002 -0.67447 0.0141184 0.770166 -0.637688 0.544577 0.512446 -0.663955 0.580561 -0.241199 -0.777671 0.398441 -0.624903 -0.671372 -0.560187 -0.788732 -0.253163 -0.00266986 -0.993436 -0.114362 -0.909734 0.0388341 -0.413372 -0.554695 0.808607 -0.196131 -0.0941446 0.982419 -0.161215 0.758808 0.620086 -0.199257 0.953775 -0.27921 -0.11115 0.565257 -0.824465 -0.0272274 -0.52444 -0.626094 0.577034 0.0843339 -0.707639 0.701523 -0.837031 -0.249188 0.487118 -0.553346 0.494919 0.669972 -0.0750105 0.745206 0.662602 0.439966 0.591009 0.676121 0.77126 -0.0996941 0.628665 0.61086 -0.410912 0.676757 0.0581923 -0.0199451 0.998106</float_array>
                    <technique_common>
                        <accessor count="56" source="#ID84" stride="3">
                            <param name="X" type="float"/>
                            <param name="Y" type="float"/>
                            <param name="Z" type="float"/>
                        </accessor>
                    </technique_common>
                </source>
                <source id="ID85">
                    <float_array id="ID86" count="126">0.904008 0.738542 0.981876 0.768352 0.984617 0.682564 0.91589 0.662606 0.741566 0.528248 0.723399 0.586743 0.756661 0.536919 0.755091 0.528273 0.734837 0.500912 0.703036 0.502789 0.741566 0.473569 0.723399 0.418614 0.755091 0.473546 0.766143 0.41792 0.761838 0.500914 0.765472 0.501194 0.754536 0.523717 0.760227 0.500637 0.743134 0.523704 0.737453 0.500636 0.743134 0.477565 0.754536 0.477553 0.75387 0.519578 0.758583 0.500464 0.744433 0.519572 0.739725 0.500464 0.744433 0.481354 0.75387 0.481348 0.744676 0.502914 0.749151 0.500465 0.328138 0.328328 0.209764 0.310028 0.244407 0.503676 0.374022 0.440843 0.320264 0.687672 0.266283 0.803048 0.127533 0.705156 0.125887 0.484379 0.143969 0.353986 0.492396 0.162009 0.917223 0.0292977 0.465423 0.546218 0.503565 0.84096 0.242565 0.957087 0.979923 0.689078 1.24257 0.957087 1.26628 0.803048 1.12753 0.705156 1.06643 0.390583 0.0664252 0.390583 0.987718 0.235537 1.12589 0.484379 1.14397 0.353986 1.20976 0.310028 0.632172 0.3562 0.740173 0.257811 0.573095 0.503297 0.662482 0.630925 0.751242 0.744519 0.880858 0.753021 0.92991 0.536053 0.833684 0.356117 0.761487 0.503669</float_array>
                    <technique_common>
                        <accessor count="63" source="#ID86" stride="2">
                            <param name="S" type="float"/>
                            <param name="T" type="float"/>
                        </accessor>
                    </technique_common>
                </source>
                <vertices id="ID87">
                    <input semantic="POSITION" source="#ID81"/>
                </vertices>
                <polylist count="56" material="Material1">
                    <input offset="0" semantic="VERTEX" source="#ID87"/>
                    <input offset="1" semantic="NORMAL" source="#ID83"/>
                    <input offset="2" semantic="TEXCOORD" source="#ID85" set="0"/>
                    <vcount>3 3 3 3 3 3 3 3 3 3 3 3 3 3 3 3 3 3 3 3 3 3 3 3 3 3 3 3 3 3 3 3 3 3 3 3 3 3 3 3 3 3 3 3 3 3 3 3 3 3 3 3 3 3 3 3</vcount>
                    <p>0 2 2 1 1 1 2 0 0 0 2 2 2 0 0 3 3 3 4 6 6 5 5 5 6 4 4 4 6 6 6 4 4 7 7 7 5 5 5 8 9 9 9 8 8 5 5 5 9 8 8 6 4 4 8 9 9 10 11 11 11 10 10 8 9 9 11 10 10 9 8 8 10 11 11 12 13 13 13 12 12 10 11 11 13 12 12 11 10 10 12 13 13 14 15 15 15 14 14 12 13 13 15 14 14 13 12 12 15 14 14 7 7 7 16 16 16 15 14 14 16 16 16 17 17 17 7 7 7 6 4 4 18 18 18 7 7 7 18 18 18 16 16 16 6 4 4 9 8 8 19 19 19 6 4 4 19 19 19 18 18 18 9 8 8 11 10 10 20 20 20 9 8 8 20 20 20 19 19 19 11 10 10 13 12 12 21 21 21 11 10 10 21 21 21 20 20 20 13 12 12 15 14 14 17 17 17 13 12 12 17 17 17 21 21 21 17 17 17 16 16 16 22 22 22 17 17 17 22 22 22 23 23 23 16 16 16 18 18 18 24 24 24 16 16 16 24 24 24 22 22 22 18 18 18 19 19 19 25 25 25 18 18 18 25 25 25 24 24 24 19 19 19 20 20 20 26 26 26 19 19 19 26 26 26 25 25 25 20 20 20 21 21 21 27 27 27 20 20 20 27 27 27 26 26 26 21 21 21 17 17 17 23 23 23 21 21 21 23 23 23 27 27 27 4 6 6 14 15 15 28 28 28 5 5 5 4 6 6 28 28 28 8 9 9 5 5 5 28 28 28 10 11 11 8 9 9 28 28 28 12 13 13 10 11 11 28 28 28 14 15 15 12 13 13 28 28 28 23 23 23 22 22 22 29 29 29 22 22 22 24 24 24 29 29 29 24 24 24 25 25 25 29 29 29 25 25 25 26 26 26 29 29 29 26 26 26 27 27 27 29 29 29 27 27 27 23 23 23 29 29 29 0 2 2 14 15 15 4 6 6 4 6 6 1 1 1 0 2 2 1 1 1 4 6 6 7 7 7 7 7 7 2 0 0 1 1 1 2 0 0 7 7 7 15 14 14 15 14 14 3 3 3 2 0 0 3 3 3 15 14 14 14 15 15 14 15 15 0 2 2 3 3 3</p>
                </polylist>
                <polylist count="48" material="Material2">
                    <input offset="0" semantic="VERTEX" source="#ID87"/>
                    <input offset="1" semantic="NORMAL" source="#ID83"/>
                    <input offset="2" semantic="TEXCOORD" source="#ID85" set="0"/>
                    <vcount>3 3 3 3 3 3 3 3 3 3 3 3 3 3 3 3 3 3 3 3 3 3 3 3 3 3 3 3 3 3 3 3 3 3 3 3 3 3 3 3 3 3 3 3 3 3 3 3</vcount>
                    <p>30 32 32 31 31 31 32 30 30 30 32 32 32 30 30 33 33 33 30 32 32 33 33 33 34 34 34 30 32 32 34 34 34 35 35 35 30 32 32 35 35 35 36 36 36 30 32 32 36 36 36 37 37 37 30 32 32 37 37 37 38 38 38 30 32 32 38 38 38 31 31 31 31 31 31 39 40 40 40 39 39 31 31 31 40 39 39 32 30 30 32 30 30 40 39 39 41 41 41 32 30 30 41 41 41 33 33 33 33 33 33 41 41 41 42 42 42 33 33 33 42 42 42 34 34 34 34 34 34 42 42 42 43 43 43 34 34 34 43 43 43 35 35 35 35 35 46 43 43 45 44 44 44 35 35 46 44 44 44 36 36 47 36 36 47 44 44 44 45 45 48 36 36 36 45 45 49 37 37 37 37 37 51 45 45 48 46 46 50 37 37 51 46 46 50 38 38 52 38 38 52 46 46 50 39 40 40 38 38 52 39 40 40 31 31 53 39 40 40 47 48 55 48 47 54 39 40 40 48 47 54 40 39 39 40 39 39 48 47 54 49 49 56 40 39 39 49 49 56 41 41 41 41 41 41 49 49 56 50 50 57 41 41 41 50 50 57 42 42 42 42 42 42 50 50 57 51 51 58 42 42 42 51 51 58 43 43 45 43 43 45 51 51 58 52 52 59 43 43 45 52 52 59 44 44 44 44 44 44 52 52 59 53 53 60 44 44 44 53 53 60 45 45 48 45 45 48 53 53 60 54 54 61 45 45 48 54 54 61 46 46 50 46 46 50 54 54 61 47 48 55 46 46 50 47 48 55 39 40 40 55 55 62 54 54 61 53 53 60 55 55 62 53 53 60 52 52 59 55 55 62 52 52 59 51 51 58 55 55 62 51 51 58 50 50 57 55 55 62 50 50 57 49 49 56 55 55 62 49 49 56 48 47 54 55 55 62 48 47 54 47 48 55 55 55 62 47 48 55 54 54 61</p>
                </polylist>
            </mesh>
        </geometry>
        <geometry id="ID89">
            <mesh>
                <source id="ID90">
                    <float_array id="ID91" count="168">2.93132 1.71059 0.100779 2.46682 2.51513 0.100777 2.46682 2.51513 1.1977 2.93132 1.71059 1.1977 0.23038 0.850985 6.0468 -0.698625 0.850985 2.41872 -0.698625 0.850985 7.94996 0.23038 0.850985 7.94996 -1.16313 0.0464445 2.41872 -1.16313 0.0464445 7.94996 -0.698625 -0.758098 2.41872 -0.698625 -0.758098 7.94996 0.23038 -0.758098 2.41872 0.23038 -0.758098 7.94996 0.694882 0.0464445 6.0468 0.694882 0.0464445 7.94996 0.327976 1.02003 11.4656 0.890075 0.0464445 11.4656 -0.796223 1.02003 11.4656 -1.35832 0.0464445 11.4656 -0.796223 -0.927139 11.4656 0.327976 -0.927139 11.4656 0.404627 1.15279 15.7875 1.04338 0.0464445 15.7875 -0.872872 1.15279 15.7875 -1.51162 0.0464445 15.7875 -0.872872 -1.0599 15.7875 0.404627 -1.0599 15.7875 -0.234123 0.0464445 2.41872 -0.234123 0.0464445 15.7875 0.0954561 0.0798452 -4.62668 1.10656 -2.82446 -3.62154 -2.33585 -2.38393 -3.1796 -3.5861 -0.772674 -2.70957 -2.22352 2.83362 -3.40595 -0.496427 4.45047 -2.83107 3.34333 3.2143 -2.75736 4.70383 -0.268158 -3.71926 3.35662 -2.35277 -3.38286 0.36987 -5.19558 0.0892022 -2.68733 -3.91597 -0.208313 -6.03199 0.775844 -1.08149 -3.14548 4.75636 -0.0675608 -0.0805092 5.23473 -0.728562 5.98662 3.56998 0.454201 5.36495 -1.81458 -1.91343 3.67579 -3.54124 0.0990714 -0.428178 -4.05263 3.57335 -4.12538 -2.44193 3.12031 -6.22498 0.0798452 2.11227 -3.65962 2.54362 4.14787 -0.080175 4.14415 3.57335 4.01514 4.93179 2.71864 5.30191 0.601843 1.76898 2.78958 -2.38393 3.5841 0.322254 0.079843 4.39141</float_array>
                    <technique_common>
                        <accessor count="56" source="#ID91" stride="3">
                            <param name="X" type="float"/>
                            <param name="Y" type="float"/>
                            <param name="Z" type="float"/>
                        </accessor>
                    </technique_common>
                </source>
                <source id="ID92">
                    <float_array id="ID93" count="168">0.695143 0.692569 0.192679 -0.546766 0.811196 -0.207383 0.56703 -0.529617 -0.630858 0.967679 -0.217098 0.128317 -0.499711 0.865748 -0.0277343 -0.304867 0.855607 -0.418321 -0.149775 0.903408 -0.401774 0.0845123 0.995533 0.042103 -0.999615 0.000111358 -0.0277343 -0.78335 -0.150755 -0.603023 -0.499904 -0.865636 -0.0277339 -0.261117 -0.753778 -0.603023 0.499712 -0.865748 -0.0277339 0.798905 -0.468598 -0.377051 0.993946 -0.0575063 0.0936179 0.855146 -0.455996 -0.246561 0.499426 0.865164 -0.0454458 0.998967 6.57769e-05 -0.0454457 -0.49954 0.865098 -0.0454458 -0.998967 -6.58171e-05 -0.0454459 -0.499427 -0.865163 -0.0454458 0.49954 -0.865098 -0.0454455 0.530908 0.613039 0.585081 0.796362 -0.15326 0.585081 -0.265454 0.766299 0.585081 -0.796361 0.15326 0.585081 -0.530907 -0.61304 0.585081 0.265454 -0.766299 0.585081 0.542046 0.312951 -0.779902 0 0 1 -0.472296 -0.486039 -0.735325 -0.0485384 -0.680071 -0.731538 -0.0596762 0.0152569 -0.998101 -0.592127 0.0652416 -0.803199 -0.531925 0.512002 -0.67447 0.0141184 0.770166 -0.637688 0.544577 0.512446 -0.663955 0.580561 -0.241199 -0.777671 0.398441 -0.624903 -0.671372 -0.560188 -0.788732 -0.253163 -0.0026699 -0.993436 -0.114362 -0.909734 0.038834 -0.413372 -0.554695 0.808607 -0.196131 -0.0941446 0.982419 -0.161215 0.758808 0.620086 -0.199257 0.953775 -0.27921 -0.11115 0.565257 -0.824465 -0.0272274 -0.52444 -0.626094 0.577034 0.0843339 -0.707639 0.701523 -0.837031 -0.249188 0.487118 -0.553346 0.494919 0.669972 -0.0750105 0.745206 0.662602 0.439966 0.591009 0.676121 0.77126 -0.0996941 0.628665 0.61086 -0.410912 0.676757 0.0581923 -0.0199451 0.998106</float_array>
                    <technique_common>
                        <accessor count="56" source="#ID93" stride="3">
                            <param name="X" type="float"/>
                            <param name="Y" type="float"/>
                            <param name="Z" type="float"/>
                        </accessor>
                    </technique_common>
                </source>
                <source id="ID94">
                    <float_array id="ID95" count="126">0.904008 0.738542 0.981876 0.768352 0.984617 0.682564 0.91589 0.662606 0.741566 0.528248 0.723399 0.586743 0.756661 0.536919 0.755091 0.528273 0.734837 0.500912 0.703036 0.502789 0.741566 0.473569 0.723399 0.418614 0.755091 0.473546 0.766143 0.41792 0.761838 0.500914 0.765472 0.501194 0.754536 0.523717 0.760227 0.500637 0.743134 0.523704 0.737453 0.500636 0.743134 0.477565 0.754536 0.477553 0.75387 0.519578 0.758583 0.500464 0.744433 0.519572 0.739725 0.500464 0.744433 0.481354 0.75387 0.481348 0.744676 0.502914 0.749151 0.500465 0.328138 0.328328 0.209764 0.310028 0.244407 0.503676 0.374022 0.440843 0.320264 0.687672 0.266283 0.803048 0.127533 0.705156 0.125887 0.484379 0.143969 0.353986 0.492396 0.162009 0.917223 0.0292977 0.465423 0.546218 0.503565 0.84096 0.242565 0.957087 0.979923 0.689078 1.24257 0.957087 1.26628 0.803048 1.12753 0.705156 1.06643 0.390583 0.0664252 0.390583 0.987718 0.235537 1.12589 0.484379 1.14397 0.353986 1.20976 0.310028 0.632172 0.3562 0.740173 0.257811 0.573095 0.503297 0.662482 0.630925 0.751242 0.744519 0.880858 0.753021 0.92991 0.536053 0.833684 0.356117 0.761487 0.503669</float_array>
                    <technique_common>
                        <accessor count="63" source="#ID95" stride="2">
                            <param name="S" type="float"/>
                            <param name="T" type="float"/>
                        </accessor>
                    </technique_common>
                </source>
                <vertices id="ID96">
                    <input semantic="POSITION" source="#ID90"/>
                </vertices>
                <polylist count="56" material="Material1">
                    <input offset="0" semantic="VERTEX" source="#ID96"/>
                    <input offset="1" semantic="NORMAL" source="#ID92"/>
                    <input offset="2" semantic="TEXCOORD" source="#ID94" set="0"/>
                    <vcount>3 3 3 3 3 3 3 3 3 3 3 3 3 3 3 3 3 3 3 3 3 3 3 3 3 3 3 3 3 3 3 3 3 3 3 3 3 3 3 3 3 3 3 3 3 3 3 3 3 3 3 3 3 3 3 3</vcount>
                    <p>0 2 2 1 1 1 2 0 0 0 2 2 2 0 0 3 3 3 4 6 6 5 5 5 6 4 4 4 6 6 6 4 4 7 7 7 5 5 5 8 9 9 9 8 8 5 5 5 9 8 8 6 4 4 8 9 9 10 11 11 11 10 10 8 9 9 11 10 10 9 8 8 10 11 11 12 13 13 13 12 12 10 11 11 13 12 12 11 10 10 12 13 13 14 15 15 15 14 14 12 13 13 15 14 14 13 12 12 15 14 14 7 7 7 16 16 16 15 14 14 16 16 16 17 17 17 7 7 7 6 4 4 18 18 18 7 7 7 18 18 18 16 16 16 6 4 4 9 8 8 19 19 19 6 4 4 19 19 19 18 18 18 9 8 8 11 10 10 20 20 20 9 8 8 20 20 20 19 19 19 11 10 10 13 12 12 21 21 21 11 10 10 21 21 21 20 20 20 13 12 12 15 14 14 17 17 17 13 12 12 17 17 17 21 21 21 17 17 17 16 16 16 22 22 22 17 17 17 22 22 22 23 23 23 16 16 16 18 18 18 24 24 24 16 16 16 24 24 24 22 22 22 18 18 18 19 19 19 25 25 25 18 18 18 25 25 25 24 24 24 19 19 19 20 20 20 26 26 26 19 19 19 26 26 26 25 25 25 20 20 20 21 21 21 27 27 27 20 20 20 27 27 27 26 26 26 21 21 21 17 17 17 23 23 23 21 21 21 23 23 23 27 27 27 4 6 6 14 15 15 28 28 28 5 5 5 4 6 6 28 28 28 8 9 9 5 5 5 28 28 28 10 11 11 8 9 9 28 28 28 12 13 13 10 11 11 28 28 28 14 15 15 12 13 13 28 28 28 23 23 23 22 22 22 29 29 29 22 22 22 24 24 24 29 29 29 24 24 24 25 25 25 29 29 29 25 25 25 26 26 26 29 29 29 26 26 26 27 27 27 29 29 29 27 27 27 23 23 23 29 29 29 0 2 2 14 15 15 4 6 6 4 6 6 1 1 1 0 2 2 1 1 1 4 6 6 7 7 7 7 7 7 2 0 0 1 1 1 2 0 0 7 7 7 15 14 14 15 14 14 3 3 3 2 0 0 3 3 3 15 14 14 14 15 15 14 15 15 0 2 2 3 3 3</p>
                </polylist>
                <polylist count="48" material="Material2">
                    <input offset="0" semantic="VERTEX" source="#ID96"/>
                    <input offset="1" semantic="NORMAL" source="#ID92"/>
                    <input offset="2" semantic="TEXCOORD" source="#ID94" set="0"/>
                    <vcount>3 3 3 3 3 3 3 3 3 3 3 3 3 3 3 3 3 3 3 3 3 3 3 3 3 3 3 3 3 3 3 3 3 3 3 3 3 3 3 3 3 3 3 3 3 3 3 3</vcount>
                    <p>30 32 32 31 31 31 32 30 30 30 32 32 32 30 30 33 33 33 30 32 32 33 33 33 34 34 34 30 32 32 34 34 34 35 35 35 30 32 32 35 35 35 36 36 36 30 32 32 36 36 36 37 37 37 30 32 32 37 37 37 38 38 38 30 32 32 38 38 38 31 31 31 31 31 31 39 40 40 40 39 39 31 31 31 40 39 39 32 30 30 32 30 30 40 39 39 41 41 41 32 30 30 41 41 41 33 33 33 33 33 33 41 41 41 42 42 42 33 33 33 42 42 42 34 34 34 34 34 34 42 42 42 43 43 43 34 34 34 43 43 43 35 35 35 35 35 46 43 43 45 44 44 44 35 35 46 44 44 44 36 36 47 36 36 47 44 44 44 45 45 48 36 36 36 45 45 49 37 37 37 37 37 51 45 45 48 46 46 50 37 37 51 46 46 50 38 38 52 38 38 52 46 46 50 39 40 40 38 38 52 39 40 40 31 31 53 39 40 40 47 48 55 48 47 54 39 40 40 48 47 54 40 39 39 40 39 39 48 47 54 49 49 56 40 39 39 49 49 56 41 41 41 41 41 41 49 49 56 50 50 57 41 41 41 50 50 57 42 42 42 42 42 42 50 50 57 51 51 58 42 42 42 51 51 58 43 43 45 43 43 45 51 51 58 52 52 59 43 43 45 52 52 59 44 44 44 44 44 44 52 52 59 53 53 60 44 44 44 53 53 60 45 45 48 45 45 48 53 53 60 54 54 61 45 45 48 54 54 61 46 46 50 46 46 50 54 54 61 47 48 55 46 46 50 47 48 55 39 40 40 55 55 62 54 54 61 53 53 60 55 55 62 53 53 60 52 52 59 55 55 62 52 52 59 51 51 58 55 55 62 51 51 58 50 50 57 55 55 62 50 50 57 49 49 56 55 55 62 49 49 56 48 47 54 55 55 62 48 47 54 47 48 55 55 55 62 47 48 55 54 54 61</p>
                </polylist>
            </mesh>
        </geometry>
        <geometry id="ID98">
            <mesh>
                <source id="ID99">
                    <float_array id="ID100" count="168">2.17504 1.26926 0.135962 1.83038 1.86623 0.135959 1.83038 1.86623 1.61583 2.17504 1.26926 1.61583 0.170942 0.631431 8.15781 -0.51838 0.631431 3.26312 -0.51838 0.631431 10.7254 0.170942 0.631431 10.7254 -0.86304 0.0344618 3.26312 -0.86304 0.0344618 10.7254 -0.51838 -0.562509 3.26312 -0.51838 -0.562509 10.7254 0.170942 -0.562509 3.26312 0.170942 -0.562509 10.7254 0.515602 0.0344618 8.15781 0.515602 0.0344618 10.7254 0.243358 0.756861 15.4684 0.660436 0.0344618 15.4684 -0.590797 0.756861 15.4684 -1.00788 0.0344618 15.4684 -0.590797 -0.687937 15.4684 0.243358 -0.687937 15.4684 0.300233 0.855371 21.2991 0.774184 0.0344618 21.2991 -0.647671 0.855371 21.2991 -1.12162 0.0344618 21.2991 -0.647671 -0.786447 21.2991 0.300233 -0.786447 21.2991 -0.17372 0.0344618 3.26312 -0.17372 0.0344618 21.2991 0.0708284 0.0592451 -6.2419 0.821067 -2.09575 -4.88586 -1.7332 -1.76888 -4.28964 -2.66089 -0.573324 -3.65551 -1.64985 2.10255 -4.595 -0.368349 3.30225 -3.81943 2.48075 2.38501 -3.71998 3.49024 -0.198973 -5.0177 2.49061 -1.74576 -4.56386 0.274444 -3.85512 0.120344 -1.994 -2.90565 -0.281038 -4.47574 0.575677 -1.45905 -2.33394 3.52922 -0.091147 -0.0597378 3.88417 -0.982911 4.44207 2.64892 0.612767 3.98079 -1.34642 -2.58143 2.72743 -2.6276 0.133658 -0.317708 -3.00705 4.82084 -3.06103 -1.81191 4.20965 -4.61894 0.0592451 2.84969 -2.71544 1.88737 5.59593 -0.0594898 3.07496 4.82084 2.97924 3.65939 3.66774 3.93401 0.446567 2.38655 2.06987 -1.76888 4.83535 0.239112 0.0592435 5.9245</float_array>
                    <technique_common>
                        <accessor count="56" source="#ID100" stride="3">
                            <param name="X" type="float"/>
                            <param name="Y" type="float"/>
                            <param name="Z" type="float"/>
                        </accessor>
                    </technique_common>
                </source>
                <source id="ID101">
                    <float_array id="ID102" count="168">0.708648 0.696873 0.110389 -0.579958 0.805259 -0.123316 0.579006 -0.685601 -0.441252 0.975518 -0.207136 0.073886 -0.499913 0.865941 -0.0152639 -0.303739 0.869135 -0.390317 -0.186841 0.950489 -0.248318 0.0919691 0.995447 0.0250489 -0.999883 3.39215e-05 -0.0152639 -0.78335 -0.150755 -0.603023 -0.499971 -0.865907 -0.0152637 -0.261117 -0.753778 -0.603023 0.499913 -0.865941 -0.0152637 0.810115 -0.470018 -0.350423 0.997303 -0.0492846 0.0543752 0.869559 -0.472068 -0.144981 0.499826 0.865764 -0.0250142 0.999687 2.00154e-05 -0.0250141 -0.49986 0.865745 -0.0250142 -0.999687 -2.00613e-05 -0.0250142 -0.499826 -0.865764 -0.0250141 0.499861 -0.865744 -0.025014 0.527023 0.608554 0.593219 0.790535 -0.152139 0.593219 -0.263512 0.760693 0.593219 -0.790535 0.152139 0.593219 -0.527023 -0.608554 0.593219 0.263512 -0.760693 0.593219 0.574108 0.331462 -0.748687 0 0 1 -0.592935 -0.586481 -0.551786 -0.0528289 -0.827241 -0.559359 -0.0945004 0.0219104 -0.995284 -0.776338 0.0863483 -0.624374 -0.617395 0.596965 -0.512304 0.0318012 0.877088 -0.479276 0.612473 0.611115 -0.501413 0.689914 -0.297966 -0.659723 0.453146 -0.7224 -0.522299 -0.565795 -0.811023 -0.148721 -0.00035612 -0.997498 -0.0706892 -0.95656 0.0562796 -0.286051 -0.557218 0.817905 -0.143317 -0.0933757 0.991167 -0.0941729 0.778889 0.617572 -0.109259 0.951343 -0.296934 -0.08232 0.554605 -0.831795 -0.0230271 -0.601624 -0.634929 0.484679 0.0812834 -0.807751 0.583893 -0.879485 -0.266443 0.394353 -0.623867 0.537355 0.567485 -0.0439422 0.836586 0.54607 0.559193 0.627786 0.541468 0.887178 -0.087759 0.453005 0.713896 -0.456712 0.530817 0.0962486 -0.0277007 0.994972</float_array>
                    <technique_common>
                        <accessor count="56" source="#ID102" stride="3">
                            <param name="X" type="float"/>
                            <param name="Y" type="float"/>
                            <param name="Z" type="float"/>
                        </accessor>
                    </technique_common>
                </source>
                <source id="ID103">
                    <float_array id="ID104" count="126">0.904008 0.738542 0.981876 0.768352 0.984617 0.682564 0.91589 0.662606 0.741566 0.528248 0.723399 0.586743 0.756661 0.536919 0.755091 0.528273 0.734837 0.500912 0.703036 0.502789 0.741566 0.473569 0.723399 0.418614 0.755091 0.473546 0.766143 0.41792 0.761838 0.500914 0.765472 0.501194 0.754536 0.523717 0.760227 0.500637 0.743134 0.523704 0.737453 0.500636 0.743134 0.477565 0.754536 0.477553 0.75387 0.519578 0.758583 0.500464 0.744433 0.519572 0.739725 0.500464 0.744433 0.481354 0.75387 0.481348 0.744676 0.502914 0.749151 0.500465 0.328138 0.328328 0.209764 0.310028 0.244407 0.503676 0.374022 0.440843 0.320264 0.687672 0.266283 0.803048 0.127533 0.705156 0.125887 0.484379 0.143969 0.353986 0.492396 0.162009 0.917223 0.0292977 0.465423 0.546218 0.503565 0.84096 0.242565 0.957087 0.979923 0.689078 1.24257 0.957087 1.26628 0.803048 1.12753 0.705156 1.06643 0.390583 0.0664252 0.390583 0.987718 0.235537 1.12589 0.484379 1.14397 0.353986 1.20976 0.310028 0.632172 0.3562 0.740173 0.257811 0.573095 0.503297 0.662482 0.630925 0.751242 0.744519 0.880858 0.753021 0.92991 0.536053 0.833684 0.356117 0.761487 0.503669</float_array>
                    <technique_common>
                        <accessor count="63" source="#ID104" stride="2">
                            <param name="S" type="float"/>
                            <param name="T" type="float"/>
                        </accessor>
                    </technique_common>
                </source>
                <vertices id="ID105">
                    <input semantic="POSITION" source="#ID99"/>
                </vertices>
                <polylist count="56" material="Material1">
                    <input offset="0" semantic="VERTEX" source="#ID105"/>
                    <input offset="1" semantic="NORMAL" source="#ID101"/>
                    <input offset="2" semantic="TEXCOORD" source="#ID103" set="0"/>
                    <vcount>3 3 3 3 3 3 3 3 3 3 3 3 3 3 3 3 3 3 3 3 3 3 3 3 3 3 3 3 3 3 3 3 3 3 3 3 3 3 3 3 3 3 3 3 3 3 3 3 3 3 3 3 3 3 3 3</vcount>
                    <p>0 2 2 1 1 1 2 0 0 0 2 2 2 0 0 3 3 3 4 6 6 5 5 5 6 4 4 4 6 6 6 4 4 7 7 7 5 5 5 8 9 9 9 8 8 5 5 5 9 8 8 6 4 4 8 9 9 10 11 11 11 10 10 8 9 9 11 10 10 9 8 8 10 11 11 12 13 13 13 12 12 10 11 11 13 12 12 11 10 10 12 13 13 14 15 15 15 14 14 12 13 13 15 14 14 13 12 12 15 14 14 7 7 7 16 16 16 15 14 14 16 16 16 17 17 17 7 7 7 6 4 4 18 18 18 7 7 7 18 18 18 16 16 16 6 4 4 9 8 8 19 19 19 6 4 4 19 19 19 18 18 18 9 8 8 11 10 10 20 20 20 9 8 8 20 20 20 19 19 19 11 10 10 13 12 12 21 21 21 11 10 10 21 21 21 20 20 20 13 12 12 15 14 14 17 17 17 13 12 12 17 17 17 21 21 21 17 17 17 16 16 16 22 22 22 17 17 17 22 22 22 23 23 23 16 16 16 18 18 18 24 24 24 16 16 16 24 24 24 22 22 22 18 18 18 19 19 19 25 25 25 18 18 18 25 25 25 24 24 24 19 19 19 20 20 20 26 26 26 19 19 19 26 26 26 25 25 25 20 20 20 21 21 21 27 27 27 20 20 20 27 27 27 26 26 26 21 21 21 17 17 17 23 23 23 21 21 21 23 23 23 27 27 27 4 6 6 14 15 15 28 28 28 5 5 5 4 6 6 28 28 28 8 9 9 5 5 5 28 28 28 10 11 11 8 9 9 28 28 28 12 13 13 10 11 11 28 28 28 14 15 15 12 13 13 28 28 28 23 23 23 22 22 22 29 29 29 22 22 22 24 24 24 29 29 29 24 24 24 25 25 25 29 29 29 25 25 25 26 26 26 29 29 29 26 26 26 27 27 27 29 29 29 27 27 27 23 23 23 29 29 29 0 2 2 14 15 15 4 6 6 4 6 6 1 1 1 0 2 2 1 1 1 4 6 6 7 7 7 7 7 7 2 0 0 1 1 1 2 0 0 7 7 7 15 14 14 15 14 14 3 3 3 2 0 0 3 3 3 15 14 14 14 15 15 14 15 15 0 2 2 3 3 3</p>
                </polylist>
                <polylist count="48" material="Material2">
                    <input offset="0" semantic="VERTEX" source="#ID105"/>
                    <input offset="1" semantic="NORMAL" source="#ID101"/>
                    <input offset="2" semantic="TEXCOORD" source="#ID103" set="0"/>
                    <vcount>3 3 3 3 3 3 3 3 3 3 3 3 3 3 3 3 3 3 3 3 3 3 3 3 3 3 3 3 3 3 3 3 3 3 3 3 3 3 3 3 3 3 3 3 3 3 3 3</vcount>
                    <p>30 32 32 31 31 31 32 30 30 30 32 32 32 30 30 33 33 33 30 32 32 33 33 33 34 34 34 30 32 32 34 34 34 35 35 35 30 32 32 35 35 35 36 36 36 30 32 32 36 36 36 37 37 37 30 32 32 37 37 37 38 38 38 30 32 32 38 38 38 31 31 31 31 31 31 39 40 40 40 39 39 31 31 31 40 39 39 32 30 30 32 30 30 40 39 39 41 41 41 32 30 30 41 41 41 33 33 33 33 33 33 41 41 41 42 42 42 33 33 33 42 42 42 34 34 34 34 34 34 42 42 42 43 43 43 34 34 34 43 43 43 35 35 35 35 35 46 43 43 45 44 44 44 35 35 46 44 44 44 36 36 47 36 36 47 44 44 44 45 45 48 36 36 36 45 45 49 37 37 37 37 37 51 45 45 48 46 46 50 37 37 51 46 46 50 38 38 52 38 38 52 46 46 50 39 40 40 38 38 52 39 40 40 31 31 53 39 40 40 47 48 55 48 47 54 39 40 40 48 47 54 40 39 39 40 39 39 48 47 54 49 49 56 40 39 39 49 49 56 41 41 41 41 41 41 49 49 56 50 50 57 41 41 41 50 50 57 42 42 42 42 42 42 50 50 57 51 51 58 42 42 42 51 51 58 43 43 45 43 43 45 51 51 58 52 52 59 43 43 45 52 52 59 44 44 44 44 44 44 52 52 59 53 53 60 44 44 44 53 53 60 45 45 48 45 45 48 53 53 60 54 54 61 45 45 48 54 54 61 46 46 50 46 46 50 54 54 61 47 48 55 46 46 50 47 48 55 39 40 40 55 55 62 54 54 61 53 53 60 55 55 62 53 53 60 52 52 59 55 55 62 52 52 59 51 51 58 55 55 62 51 51 58 50 50 57 55 55 62 50 50 57 49 49 56 55 55 62 49 49 56 48 47 54 55 55 62 48 47 54 47 48 55 55 55 62 47 48 55 54 54 61</p>
                </polylist>
            </mesh>
        </geometry>
        <geometry id="ID107">
            <mesh>
                <source id="ID108">
                    <float_array id="ID109" count="168">2.17504 1.26926 0.0747781 1.83038 1.86623 0.0747765 1.83038 1.86623 0.888691 2.17504 1.26926 0.888691 0.170942 0.631431 4.48673 -0.51838 0.631431 1.79469 -0.51838 0.631431 5.89887 0.170942 0.631431 5.89887 -0.86304 0.0344618 1.79469 -0.86304 0.0344618 5.89887 -0.51838 -0.562509 1.79469 -0.51838 -0.562509 5.89887 0.170942 -0.562509 1.79469 0.170942 -0.562509 5.89887 0.515602 0.0344618 4.48673 0.515602 0.0344618 5.89887 0.243358 0.756861 8.50747 0.660436 0.0344618 8.50747 -0.590797 0.756861 8.50747 -1.00788 0.0344618 8.50747 -0.590797 -0.687937 8.50747 0.243358 -0.687937 8.50747 0.300233 0.855371 11.7143 0.774184 0.0344618 11.7143 -0.647671 0.855371 11.7143 -1.12162 0.0344618 11.7143 -0.647671 -0.786447 11.7143 0.300233 -0.786447 11.7143 -0.17372 0.0344618 1.79469 -0.17372 0.0344618 11.7143 0.0708284 0.0592451 -3.43299 0.821067 -2.09575 -2.68718 -1.7332 -1.76888 -2.35927 -2.66089 -0.573324 -2.0105 -1.64985 2.10255 -2.52721 -0.368349 3.30225 -2.10066 2.48075 2.38501 -2.04596 3.49024 -0.198973 -2.75969 2.49061 -1.74576 -2.51008 0.274444 -3.85512 0.066188 -1.994 -2.90565 -0.154569 -4.47574 0.575677 -0.802468 -2.33394 3.52922 -0.0501301 -0.0597378 3.88417 -0.540593 4.44207 2.64892 0.337017 3.98079 -1.34642 -1.41977 2.72743 -2.6276 0.0735109 -0.317708 -3.00705 2.65142 -3.06103 -1.81191 2.31527 -4.61894 0.0592451 1.5673 -2.71544 1.88737 3.07772 -0.0594898 3.07496 2.65142 2.97924 3.65939 2.01723 3.93401 0.446567 1.31258 2.06987 -1.76888 2.6594 0.239112 0.0592435 3.25842</float_array>
                    <technique_common>
                        <accessor count="56" source="#ID109" stride="3">
                            <param name="X" type="float"/>
                            <param name="Y" type="float"/>
                            <param name="Z" type="float"/>
                        </accessor>
                    </technique_common>
                </source>
                <source id="ID110">
                    <float_array id="ID111" count="168">0.695143 0.692569 0.192679 -0.546766 0.811196 -0.207383 0.56703 -0.529617 -0.630858 0.967679 -0.217098 0.128317 -0.499711 0.865748 -0.0277343 -0.304866 0.855607 -0.418321 -0.149775 0.903408 -0.401774 0.0845123 0.995533 0.042103 -0.999615 0.000111335 -0.0277343 -0.78335 -0.150755 -0.603023 -0.499904 -0.865636 -0.0277339 -0.261117 -0.753778 -0.603023 0.499712 -0.865748 -0.0277339 0.798905 -0.468598 -0.377051 0.993946 -0.0575063 0.0936178 0.855146 -0.455996 -0.246561 0.499426 0.865164 -0.0454458 0.998967 6.57769e-05 -0.0454457 -0.49954 0.865098 -0.0454458 -0.998967 -6.58228e-05 -0.0454459 -0.499427 -0.865163 -0.0454458 0.49954 -0.865098 -0.0454455 0.530908 0.613039 0.585081 0.796362 -0.15326 0.585081 -0.265454 0.766299 0.585081 -0.796361 0.15326 0.585081 -0.530907 -0.61304 0.585081 0.265454 -0.766299 0.585081 0.542046 0.312951 -0.779902 0 0 1 -0.472296 -0.486039 -0.735325 -0.0485384 -0.680071 -0.731538 -0.0596763 0.015257 -0.998101 -0.592127 0.0652416 -0.803199 -0.531925 0.512002 -0.67447 0.0141184 0.770166 -0.637688 0.544577 0.512446 -0.663955 0.580561 -0.241199 -0.777671 0.398441 -0.624903 -0.671372 -0.560187 -0.788732 -0.253163 -0.00266986 -0.993436 -0.114362 -0.909734 0.0388341 -0.413372 -0.554695 0.808607 -0.196131 -0.0941446 0.982419 -0.161215 0.758808 0.620086 -0.199257 0.953775 -0.27921 -0.11115 0.565257 -0.824465 -0.0272274 -0.52444 -0.626094 0.577034 0.0843339 -0.707639 0.701523 -0.837031 -0.249188 0.487118 -0.553346 0.494919 0.669972 -0.0750105 0.745206 0.662602 0.439966 0.591009 0.676121 0.77126 -0.0996941 0.628665 0.61086 -0.410912 0.676757 0.0581923 -0.0199451 0.998106</float_array>
                    <technique_common>
                        <accessor count="56" source="#ID111" stride="3">
                            <param name="X" type="float"/>
                            <param name="Y" type="float"/>
                            <param name="Z" type="float"/>
                        </accessor>
                    </technique_common>
                </source>
                <source id="ID112">
                    <float_array id="ID113" count="126">0.904008 0.738542 0.981876 0.768352 0.984617 0.682564 0.91589 0.662606 0.741566 0.528248 0.723399 0.586743 0.756661 0.536919 0.755091 0.528273 0.734837 0.500912 0.703036 0.502789 0.741566 0.473569 0.723399 0.418614 0.755091 0.473546 0.766143 0.41792 0.761838 0.500914 0.765472 0.501194 0.754536 0.523717 0.760227 0.500637 0.743134 0.523704 0.737453 0.500636 0.743134 0.477565 0.754536 0.477553 0.75387 0.519578 0.758583 0.500464 0.744433 0.519572 0.739725 0.500464 0.744433 0.481354 0.75387 0.481348 0.744676 0.502914 0.749151 0.500465 0.328138 0.328328 0.209764 0.310028 0.244407 0.503676 0.374022 0.440843 0.320264 0.687672 0.266283 0.803048 0.127533 0.705156 0.125887 0.484379 0.143969 0.353986 0.492396 0.162009 0.917223 0.0292977 0.465423 0.546218 0.503565 0.84096 0.242565 0.957087 0.979923 0.689078 1.24257 0.957087 1.26628 0.803048 1.12753 0.705156 1.06643 0.390583 0.0664252 0.390583 0.987718 0.235537 1.12589 0.484379 1.14397 0.353986 1.20976 0.310028 0.632172 0.3562 0.740173 0.257811 0.573095 0.503297 0.662482 0.630925 0.751242 0.744519 0.880858 0.753021 0.92991 0.536053 0.833684 0.356117 0.761487 0.503669</float_array>
                    <technique_common>
                        <accessor count="63" source="#ID113" stride="2">
                            <param name="S" type="float"/>
                            <param name="T" type="float"/>
                        </accessor>
                    </technique_common>
                </source>
                <vertices id="ID114">
                    <input semantic="POSITION" source="#ID108"/>
                </vertices>
                <polylist count="56" material="Material1">
                    <input offset="0" semantic="VERTEX" source="#ID114"/>
                    <input offset="1" semantic="NORMAL" source="#ID110"/>
                    <input offset="2" semantic="TEXCOORD" source="#ID112" set="0"/>
                    <vcount>3 3 3 3 3 3 3 3 3 3 3 3 3 3 3 3 3 3 3 3 3 3 3 3 3 3 3 3 3 3 3 3 3 3 3 3 3 3 3 3 3 3 3 3 3 3 3 3 3 3 3 3 3 3 3 3</vcount>
                    <p>0 2 2 1 1 1 2 0 0 0 2 2 2 0 0 3 3 3 4 6 6 5 5 5 6 4 4 4 6 6 6 4 4 7 7 7 5 5 5 8 9 9 9 8 8 5 5 5 9 8 8 6 4 4 8 9 9 10 11 11 11 10 10 8 9 9 11 10 10 9 8 8 10 11 11 12 13 13 13 12 12 10 11 11 13 12 12 11 10 10 12 13 13 14 15 15 15 14 14 12 13 13 15 14 14 13 12 12 15 14 14 7 7 7 16 16 16 15 14 14 16 16 16 17 17 17 7 7 7 6 4 4 18 18 18 7 7 7 18 18 18 16 16 16 6 4 4 9 8 8 19 19 19 6 4 4 19 19 19 18 18 18 9 8 8 11 10 10 20 20 20 9 8 8 20 20 20 19 19 19 11 10 10 13 12 12 21 21 21 11 10 10 21 21 21 20 20 20 13 12 12 15 14 14 17 17 17 13 12 12 17 17 17 21 21 21 17 17 17 16 16 16 22 22 22 17 17 17 22 22 22 23 23 23 16 16 16 18 18 18 24 24 24 16 16 16 24 24 24 22 22 22 18 18 18 19 19 19 25 25 25 18 18 18 25 25 25 24 24 24 19 19 19 20 20 20 26 26 26 19 19 19 26 26 26 25 25 25 20 20 20 21 21 21 27 27 27 20 20 20 27 27 27 26 26 26 21 21 21 17 17 17 23 23 23 21 21 21 23 23 23 27 27 27 4 6 6 14 15 15 28 28 28 5 5 5 4 6 6 28 28 28 8 9 9 5 5 5 28 28 28 10 11 11 8 9 9 28 28 28 12 13 13 10 11 11 28 28 28 14 15 15 12 13 13 28 28 28 23 23 23 22 22 22 29 29 29 22 22 22 24 24 24 29 29 29 24 24 24 25 25 25 29 29 29 25 25 25 26 26 26 29 29 29 26 26 26 27 27 27 29 29 29 27 27 27 23 23 23 29 29 29 0 2 2 14 15 15 4 6 6 4 6 6 1 1 1 0 2 2 1 1 1 4 6 6 7 7 7 7 7 7 2 0 0 1 1 1 2 0 0 7 7 7 15 14 14 15 14 14 3 3 3 2 0 0 3 3 3 15 14 14 14 15 15 14 15 15 0 2 2 3 3 3</p>
                </polylist>
                <polylist count="48" material="Material2">
                    <input offset="0" semantic="VERTEX" source="#ID114"/>
                    <input offset="1" semantic="NORMAL" source="#ID110"/>
                    <input offset="2" semantic="TEXCOORD" source="#ID112" set="0"/>
                    <vcount>3 3 3 3 3 3 3 3 3 3 3 3 3 3 3 3 3 3 3 3 3 3 3 3 3 3 3 3 3 3 3 3 3 3 3 3 3 3 3 3 3 3 3 3 3 3 3 3</vcount>
                    <p>30 32 32 31 31 31 32 30 30 30 32 32 32 30 30 33 33 33 30 32 32 33 33 33 34 34 34 30 32 32 34 34 34 35 35 35 30 32 32 35 35 35 36 36 36 30 32 32 36 36 36 37 37 37 30 32 32 37 37 37 38 38 38 30 32 32 38 38 38 31 31 31 31 31 31 39 40 40 40 39 39 31 31 31 40 39 39 32 30 30 32 30 30 40 39 39 41 41 41 32 30 30 41 41 41 33 33 33 33 33 33 41 41 41 42 42 42 33 33 33 42 42 42 34 34 34 34 34 34 42 42 42 43 43 43 34 34 34 43 43 43 35 35 35 35 35 46 43 43 45 44 44 44 35 35 46 44 44 44 36 36 47 36 36 47 44 44 44 45 45 48 36 36 36 45 45 49 37 37 37 37 37 51 45 45 48 46 46 50 37 37 51 46 46 50 38 38 52 38 38 52 46 46 50 39 40 40 38 38 52 39 40 40 31 31 53 39 40 40 47 48 55 48 47 54 39 40 40 48 47 54 40 39 39 40 39 39 48 47 54 49 49 56 40 39 39 49 49 56 41 41 41 41 41 41 49 49 56 50 50 57 41 41 41 50 50 57 42 42 42 42 42 42 50 50 57 51 51 58 42 42 42 51 51 58 43 43 45 43 43 45 51 51 58 52 52 59 43 43 45 52 52 59 44 44 44 44 44 44 52 52 59 53 53 60 44 44 44 53 53 60 45 45 48 45 45 48 53 53 60 54 54 61 45 45 48 54 54 61 46 46 50 46 46 50 54 54 61 47 48 55 46 46 50 47 48 55 39 40 40 55 55 62 54 54 61 53 53 60 55 55 62 53 53 60 52 52 59 55 55 62 52 52 59 51 51 58 55 55 62 51 51 58 50 50 57 55 55 62 50 50 57 49 49 56 55 55 62 49 49 56 48 47 54 55 55 62 48 47 54 47 48 55 55 55 62 47 48 55 54 54 61</p>
                </polylist>
            </mesh>
        </geometry>
        <geometry id="ID116">
            <mesh>
                <source id="ID117">
                    <float_array id="ID118" count="168">2.93132 1.71059 0.100779 2.46682 2.51513 0.100777 2.46682 2.51513 1.1977 2.93132 1.71059 1.1977 0.23038 0.850985 6.0468 -0.698625 0.850985 2.41872 -0.698625 0.850985 7.94996 0.23038 0.850985 7.94996 -1.16313 0.0464445 2.41872 -1.16313 0.0464445 7.94996 -0.698625 -0.758098 2.41872 -0.698625 -0.758098 7.94996 0.23038 -0.758098 2.41872 0.23038 -0.758098 7.94996 0.694882 0.0464445 6.0468 0.694882 0.0464445 7.94996 0.327976 1.02003 11.4656 0.890075 0.0464445 11.4656 -0.796223 1.02003 11.4656 -1.35832 0.0464445 11.4656 -0.796223 -0.927139 11.4656 0.327976 -0.927139 11.4656 0.404627 1.15279 15.7875 1.04338 0.0464445 15.7875 -0.872872 1.15279 15.7875 -1.51162 0.0464445 15.7875 -0.872872 -1.0599 15.7875 0.404627 -1.0599 15.7875 -0.234123 0.0464445 2.41872 -0.234123 0.0464445 15.7875 0.0954561 0.0798452 -4.62668 1.10656 -2.82446 -3.62154 -2.33585 -2.38393 -3.1796 -3.5861 -0.772674 -2.70957 -2.22352 2.83362 -3.40595 -0.496427 4.45047 -2.83107 3.34333 3.2143 -2.75736 4.70383 -0.268158 -3.71926 3.35662 -2.35277 -3.38286 0.36987 -5.19558 0.0892022 -2.68733 -3.91597 -0.208313 -6.03199 0.775844 -1.08149 -3.14548 4.75636 -0.0675608 -0.0805092 5.23473 -0.728562 5.98662 3.56998 0.454201 5.36495 -1.81458 -1.91343 3.67579 -3.54124 0.0990714 -0.428178 -4.05263 3.57335 -4.12538 -2.44193 3.12031 -6.22498 0.0798452 2.11227 -3.65962 2.54362 4.14787 -0.080175 4.14415 3.57335 4.01514 4.93179 2.71864 5.30191 0.601843 1.76898 2.78958 -2.38393 3.5841 0.322254 0.079843 4.39141</float_array>
                    <technique_common>
                        <accessor count="56" source="#ID118" stride="3">
                            <param name="X" type="float"/>
                            <param name="Y" type="float"/>
                            <param name="Z" type="float"/>
                        </accessor>
                    </technique_common>
                </source>
                <source id="ID119">
                    <float_array id="ID120" count="168">0.695143 0.692569 0.192679 -0.546766 0.811196 -0.207383 0.56703 -0.529617 -0.630858 0.967679 -0.217098 0.128317 -0.499711 0.865748 -0.0277343 -0.304867 0.855607 -0.418321 -0.149775 0.903408 -0.401774 0.0845123 0.995533 0.042103 -0.999615 0.000111358 -0.0277343 -0.78335 -0.150755 -0.603023 -0.499904 -0.865636 -0.0277339 -0.261117 -0.753778 -0.603023 0.499712 -0.865748 -0.0277339 0.798905 -0.468598 -0.377051 0.993946 -0.0575063 0.0936179 0.855146 -0.455996 -0.246561 0.499426 0.865164 -0.0454458 0.998967 6.57769e-05 -0.0454457 -0.49954 0.865098 -0.0454458 -0.998967 -6.58171e-05 -0.0454459 -0.499427 -0.865163 -0.0454458 0.49954 -0.865098 -0.0454455 0.530908 0.613039 0.585081 0.796362 -0.15326 0.585081 -0.265454 0.766299 0.585081 -0.796361 0.15326 0.585081 -0.530907 -0.61304 0.585081 0.265454 -0.766299 0.585081 0.542046 0.312951 -0.779902 0 0 1 -0.472296 -0.486039 -0.735325 -0.0485384 -0.680071 -0.731538 -0.0596762 0.0152569 -0.998101 -0.592127 0.0652416 -0.803199 -0.531925 0.512002 -0.67447 0.0141184 0.770166 -0.637688 0.544577 0.512446 -0.663955 0.580561 -0.241199 -0.777671 0.398441 -0.624903 -0.671372 -0.560188 -0.788732 -0.253163 -0.0026699 -0.993436 -0.114362 -0.909734 0.038834 -0.413372 -0.554695 0.808607 -0.196131 -0.0941446 0.982419 -0.161215 0.758808 0.620086 -0.199257 0.953775 -0.27921 -0.11115 0.565257 -0.824465 -0.0272274 -0.52444 -0.626094 0.577034 0.0843339 -0.707639 0.701523 -0.837031 -0.249188 0.487118 -0.553346 0.494919 0.669972 -0.0750105 0.745206 0.662602 0.439966 0.591009 0.676121 0.77126 -0.0996941 0.628665 0.61086 -0.410912 0.676757 0.0581923 -0.0199451 0.998106</float_array>
                    <technique_common>
                        <accessor count="56" source="#ID120" stride="3">
                            <param name="X" type="float"/>
                            <param name="Y" type="float"/>
                            <param name="Z" type="float"/>
                        </accessor>
                    </technique_common>
                </source>
                <source id="ID121">
                    <float_array id="ID122" count="126">0.904008 0.738542 0.981876 0.768352 0.984617 0.682564 0.91589 0.662606 0.741566 0.528248 0.723399 0.586743 0.756661 0.536919 0.755091 0.528273 0.734837 0.500912 0.703036 0.502789 0.741566 0.473569 0.723399 0.418614 0.755091 0.473546 0.766143 0.41792 0.761838 0.500914 0.765472 0.501194 0.754536 0.523717 0.760227 0.500637 0.743134 0.523704 0.737453 0.500636 0.743134 0.477565 0.754536 0.477553 0.75387 0.519578 0.758583 0.500464 0.744433 0.519572 0.739725 0.500464 0.744433 0.481354 0.75387 0.481348 0.744676 0.502914 0.749151 0.500465 0.328138 0.328328 0.209764 0.310028 0.244407 0.503676 0.374022 0.440843 0.320264 0.687672 0.266283 0.803048 0.127533 0.705156 0.125887 0.484379 0.143969 0.353986 0.492396 0.162009 0.917223 0.0292977 0.465423 0.546218 0.503565 0.84096 0.242565 0.957087 0.979923 0.689078 1.24257 0.957087 1.26628 0.803048 1.12753 0.705156 1.06643 0.390583 0.0664252 0.390583 0.987718 0.235537 1.12589 0.484379 1.14397 0.353986 1.20976 0.310028 0.632172 0.3562 0.740173 0.257811 0.573095 0.503297 0.662482 0.630925 0.751242 0.744519 0.880858 0.753021 0.92991 0.536053 0.833684 0.356117 0.761487 0.503669</float_array>
                    <technique_common>
                        <accessor count="63" source="#ID122" stride="2">
                            <param name="S" type="float"/>
                            <param name="T" type="float"/>
                        </accessor>
                    </technique_common>
                </source>
                <vertices id="ID123">
                    <input semantic="POSITION" source="#ID117"/>
                </vertices>
                <polylist count="56" material="Material1">
                    <input offset="0" semantic="VERTEX" source="#ID123"/>
                    <input offset="1" semantic="NORMAL" source="#ID119"/>
                    <input offset="2" semantic="TEXCOORD" source="#ID121" set="0"/>
                    <vcount>3 3 3 3 3 3 3 3 3 3 3 3 3 3 3 3 3 3 3 3 3 3 3 3 3 3 3 3 3 3 3 3 3 3 3 3 3 3 3 3 3 3 3 3 3 3 3 3 3 3 3 3 3 3 3 3</vcount>
                    <p>0 2 2 1 1 1 2 0 0 0 2 2 2 0 0 3 3 3 4 6 6 5 5 5 6 4 4 4 6 6 6 4 4 7 7 7 5 5 5 8 9 9 9 8 8 5 5 5 9 8 8 6 4 4 8 9 9 10 11 11 11 10 10 8 9 9 11 10 10 9 8 8 10 11 11 12 13 13 13 12 12 10 11 11 13 12 12 11 10 10 12 13 13 14 15 15 15 14 14 12 13 13 15 14 14 13 12 12 15 14 14 7 7 7 16 16 16 15 14 14 16 16 16 17 17 17 7 7 7 6 4 4 18 18 18 7 7 7 18 18 18 16 16 16 6 4 4 9 8 8 19 19 19 6 4 4 19 19 19 18 18 18 9 8 8 11 10 10 20 20 20 9 8 8 20 20 20 19 19 19 11 10 10 13 12 12 21 21 21 11 10 10 21 21 21 20 20 20 13 12 12 15 14 14 17 17 17 13 12 12 17 17 17 21 21 21 17 17 17 16 16 16 22 22 22 17 17 17 22 22 22 23 23 23 16 16 16 18 18 18 24 24 24 16 16 16 24 24 24 22 22 22 18 18 18 19 19 19 25 25 25 18 18 18 25 25 25 24 24 24 19 19 19 20 20 20 26 26 26 19 19 19 26 26 26 25 25 25 20 20 20 21 21 21 27 27 27 20 20 20 27 27 27 26 26 26 21 21 21 17 17 17 23 23 23 21 21 21 23 23 23 27 27 27 4 6 6 14 15 15 28 28 28 5 5 5 4 6 6 28 28 28 8 9 9 5 5 5 28 28 28 10 11 11 8 9 9 28 28 28 12 13 13 10 11 11 28 28 28 14 15 15 12 13 13 28 28 28 23 23 23 22 22 22 29 29 29 22 22 22 24 24 24 29 29 29 24 24 24 25 25 25 29 29 29 25 25 25 26 26 26 29 29 29 26 26 26 27 27 27 29 29 29 27 27 27 23 23 23 29 29 29 0 2 2 14 15 15 4 6 6 4 6 6 1 1 1 0 2 2 1 1 1 4 6 6 7 7 7 7 7 7 2 0 0 1 1 1 2 0 0 7 7 7 15 14 14 15 14 14 3 3 3 2 0 0 3 3 3 15 14 14 14 15 15 14 15 15 0 2 2 3 3 3</p>
                </polylist>
                <polylist count="48" material="Material2">
                    <input offset="0" semantic="VERTEX" source="#ID123"/>
                    <input offset="1" semantic="NORMAL" source="#ID119"/>
                    <input offset="2" semantic="TEXCOORD" source="#ID121" set="0"/>
                    <vcount>3 3 3 3 3 3 3 3 3 3 3 3 3 3 3 3 3 3 3 3 3 3 3 3 3 3 3 3 3 3 3 3 3 3 3 3 3 3 3 3 3 3 3 3 3 3 3 3</vcount>
                    <p>30 32 32 31 31 31 32 30 30 30 32 32 32 30 30 33 33 33 30 32 32 33 33 33 34 34 34 30 32 32 34 34 34 35 35 35 30 32 32 35 35 35 36 36 36 30 32 32 36 36 36 37 37 37 30 32 32 37 37 37 38 38 38 30 32 32 38 38 38 31 31 31 31 31 31 39 40 40 40 39 39 31 31 31 40 39 39 32 30 30 32 30 30 40 39 39 41 41 41 32 30 30 41 41 41 33 33 33 33 33 33 41 41 41 42 42 42 33 33 33 42 42 42 34 34 34 34 34 34 42 42 42 43 43 43 34 34 34 43 43 43 35 35 35 35 35 46 43 43 45 44 44 44 35 35 46 44 44 44 36 36 47 36 36 47 44 44 44 45 45 48 36 36 36 45 45 49 37 37 37 37 37 51 45 45 48 46 46 50 37 37 51 46 46 50 38 38 52 38 38 52 46 46 50 39 40 40 38 38 52 39 40 40 31 31 53 39 40 40 47 48 55 48 47 54 39 40 40 48 47 54 40 39 39 40 39 39 48 47 54 49 49 56 40 39 39 49 49 56 41 41 41 41 41 41 49 49 56 50 50 57 41 41 41 50 50 57 42 42 42 42 42 42 50 50 57 51 51 58 42 42 42 51 51 58 43 43 45 43 43 45 51 51 58 52 52 59 43 43 45 52 52 59 44 44 44 44 44 44 52 52 59 53 53 60 44 44 44 53 53 60 45 45 48 45 45 48 53 53 60 54 54 61 45 45 48 54 54 61 46 46 50 46 46 50 54 54 61 47 48 55 46 46 50 47 48 55 39 40 40 55 55 62 54 54 61 53 53 60 55 55 62 53 53 60 52 52 59 55 55 62 52 52 59 51 51 58 55 55 62 51 51 58 50 50 57 55 55 62 50 50 57 49 49 56 55 55 62 49 49 56 48 47 54 55 55 62 48 47 54 47 48 55 55 55 62 47 48 55 54 54 61</p>
                </polylist>
            </mesh>
        </geometry>
        <geometry id="ID125">
            <mesh>
                <source id="ID126">
                    <float_array id="ID127" count="168">2.17504 1.26926 0.135962 1.83038 1.86623 0.135959 1.83038 1.86623 1.61583 2.17504 1.26926 1.61583 0.170942 0.631431 8.15781 -0.51838 0.631431 3.26312 -0.51838 0.631431 10.7254 0.170942 0.631431 10.7254 -0.86304 0.0344618 3.26312 -0.86304 0.0344618 10.7254 -0.51838 -0.562509 3.26312 -0.51838 -0.562509 10.7254 0.170942 -0.562509 3.26312 0.170942 -0.562509 10.7254 0.515602 0.0344618 8.15781 0.515602 0.0344618 10.7254 0.243358 0.756861 15.4684 0.660436 0.0344618 15.4684 -0.590797 0.756861 15.4684 -1.00788 0.0344618 15.4684 -0.590797 -0.687937 15.4684 0.243358 -0.687937 15.4684 0.300233 0.855371 21.2991 0.774184 0.0344618 21.2991 -0.647671 0.855371 21.2991 -1.12162 0.0344618 21.2991 -0.647671 -0.786447 21.2991 0.300233 -0.786447 21.2991 -0.17372 0.0344618 3.26312 -0.17372 0.0344618 21.2991 0.0708284 0.0592451 -6.2419 0.821067 -2.09575 -4.88586 -1.7332 -1.76888 -4.28964 -2.66089 -0.573324 -3.65551 -1.64985 2.10255 -4.595 -0.368349 3.30225 -3.81943 2.48075 2.38501 -3.71998 3.49024 -0.198973 -5.0177 2.49061 -1.74576 -4.56386 0.274444 -3.85512 0.120344 -1.994 -2.90565 -0.281038 -4.47574 0.575677 -1.45905 -2.33394 3.52922 -0.091147 -0.0597378 3.88417 -0.982911 4.44207 2.64892 0.612767 3.98079 -1.34642 -2.58143 2.72743 -2.6276 0.133658 -0.317708 -3.00705 4.82084 -3.06103 -1.81191 4.20965 -4.61894 0.0592451 2.84969 -2.71544 1.88737 5.59593 -0.0594898 3.07496 4.82084 2.97924 3.65939 3.66774 3.93401 0.446567 2.38655 2.06987 -1.76888 4.83535 0.239112 0.0592435 5.9245</float_array>
                    <technique_common>
                        <accessor count="56" source="#ID127" stride="3">
                            <param name="X" type="float"/>
                            <param name="Y" type="float"/>
                            <param name="Z" type="float"/>
                        </accessor>
                    </technique_common>
                </source>
                <source id="ID128">
                    <float_array id="ID129" count="168">0.708648 0.696873 0.110389 -0.579958 0.805259 -0.123316 0.579006 -0.685601 -0.441252 0.975518 -0.207136 0.073886 -0.499913 0.865941 -0.0152639 -0.303739 0.869135 -0.390317 -0.186841 0.950489 -0.248318 0.0919691 0.995447 0.0250489 -0.999883 3.39215e-05 -0.0152639 -0.78335 -0.150755 -0.603023 -0.499971 -0.865907 -0.0152637 -0.261117 -0.753778 -0.603023 0.499913 -0.865941 -0.0152637 0.810115 -0.470018 -0.350423 0.997303 -0.0492846 0.0543752 0.869559 -0.472068 -0.144981 0.499826 0.865764 -0.0250142 0.999687 2.00154e-05 -0.0250141 -0.49986 0.865745 -0.0250142 -0.999687 -2.00613e-05 -0.0250142 -0.499826 -0.865764 -0.0250141 0.499861 -0.865744 -0.025014 0.527023 0.608554 0.593219 0.790535 -0.152139 0.593219 -0.263512 0.760693 0.593219 -0.790535 0.152139 0.593219 -0.527023 -0.608554 0.593219 0.263512 -0.760693 0.593219 0.574108 0.331462 -0.748687 0 0 1 -0.592935 -0.586481 -0.551786 -0.0528289 -0.827241 -0.559359 -0.0945004 0.0219104 -0.995284 -0.776338 0.0863483 -0.624374 -0.617395 0.596965 -0.512304 0.0318012 0.877088 -0.479276 0.612473 0.611115 -0.501413 0.689914 -0.297966 -0.659723 0.453146 -0.7224 -0.522299 -0.565795 -0.811023 -0.148721 -0.00035612 -0.997498 -0.0706892 -0.95656 0.0562796 -0.286051 -0.557218 0.817905 -0.143317 -0.0933757 0.991167 -0.0941729 0.778889 0.617572 -0.109259 0.951343 -0.296934 -0.08232 0.554605 -0.831795 -0.0230271 -0.601624 -0.634929 0.484679 0.0812834 -0.807751 0.583893 -0.879485 -0.266443 0.394353 -0.623867 0.537355 0.567485 -0.0439422 0.836586 0.54607 0.559193 0.627786 0.541468 0.887178 -0.087759 0.453005 0.713896 -0.456712 0.530817 0.0962486 -0.0277007 0.994972</float_array>
                    <technique_common>
                        <accessor count="56" source="#ID129" stride="3">
                            <param name="X" type="float"/>
                            <param name="Y" type="float"/>
                            <param name="Z" type="float"/>
                        </accessor>
                    </technique_common>
                </source>
                <source id="ID130">
                    <float_array id="ID131" count="126">0.904008 0.738542 0.981876 0.768352 0.984617 0.682564 0.91589 0.662606 0.741566 0.528248 0.723399 0.586743 0.756661 0.536919 0.755091 0.528273 0.734837 0.500912 0.703036 0.502789 0.741566 0.473569 0.723399 0.418614 0.755091 0.473546 0.766143 0.41792 0.761838 0.500914 0.765472 0.501194 0.754536 0.523717 0.760227 0.500637 0.743134 0.523704 0.737453 0.500636 0.743134 0.477565 0.754536 0.477553 0.75387 0.519578 0.758583 0.500464 0.744433 0.519572 0.739725 0.500464 0.744433 0.481354 0.75387 0.481348 0.744676 0.502914 0.749151 0.500465 0.328138 0.328328 0.209764 0.310028 0.244407 0.503676 0.374022 0.440843 0.320264 0.687672 0.266283 0.803048 0.127533 0.705156 0.125887 0.484379 0.143969 0.353986 0.492396 0.162009 0.917223 0.0292977 0.465423 0.546218 0.503565 0.84096 0.242565 0.957087 0.979923 0.689078 1.24257 0.957087 1.26628 0.803048 1.12753 0.705156 1.06643 0.390583 0.0664252 0.390583 0.987718 0.235537 1.12589 0.484379 1.14397 0.353986 1.20976 0.310028 0.632172 0.3562 0.740173 0.257811 0.573095 0.503297 0.662482 0.630925 0.751242 0.744519 0.880858 0.753021 0.92991 0.536053 0.833684 0.356117 0.761487 0.503669</float_array>
                    <technique_common>
                        <accessor count="63" source="#ID131" stride="2">
                            <param name="S" type="float"/>
                            <param name="T" type="float"/>
                        </accessor>
                    </technique_common>
                </source>
                <vertices id="ID132">
                    <input semantic="POSITION" source="#ID126"/>
                </vertices>
                <polylist count="56" material="Material1">
                    <input offset="0" semantic="VERTEX" source="#ID132"/>
                    <input offset="1" semantic="NORMAL" source="#ID128"/>
                    <input offset="2" semantic="TEXCOORD" source="#ID130" set="0"/>
                    <vcount>3 3 3 3 3 3 3 3 3 3 3 3 3 3 3 3 3 3 3 3 3 3 3 3 3 3 3 3 3 3 3 3 3 3 3 3 3 3 3 3 3 3 3 3 3 3 3 3 3 3 3 3 3 3 3 3</vcount>
                    <p>0 2 2 1 1 1 2 0 0 0 2 2 2 0 0 3 3 3 4 6 6 5 5 5 6 4 4 4 6 6 6 4 4 7 7 7 5 5 5 8 9 9 9 8 8 5 5 5 9 8 8 6 4 4 8 9 9 10 11 11 11 10 10 8 9 9 11 10 10 9 8 8 10 11 11 12 13 13 13 12 12 10 11 11 13 12 12 11 10 10 12 13 13 14 15 15 15 14 14 12 13 13 15 14 14 13 12 12 15 14 14 7 7 7 16 16 16 15 14 14 16 16 16 17 17 17 7 7 7 6 4 4 18 18 18 7 7 7 18 18 18 16 16 16 6 4 4 9 8 8 19 19 19 6 4 4 19 19 19 18 18 18 9 8 8 11 10 10 20 20 20 9 8 8 20 20 20 19 19 19 11 10 10 13 12 12 21 21 21 11 10 10 21 21 21 20 20 20 13 12 12 15 14 14 17 17 17 13 12 12 17 17 17 21 21 21 17 17 17 16 16 16 22 22 22 17 17 17 22 22 22 23 23 23 16 16 16 18 18 18 24 24 24 16 16 16 24 24 24 22 22 22 18 18 18 19 19 19 25 25 25 18 18 18 25 25 25 24 24 24 19 19 19 20 20 20 26 26 26 19 19 19 26 26 26 25 25 25 20 20 20 21 21 21 27 27 27 20 20 20 27 27 27 26 26 26 21 21 21 17 17 17 23 23 23 21 21 21 23 23 23 27 27 27 4 6 6 14 15 15 28 28 28 5 5 5 4 6 6 28 28 28 8 9 9 5 5 5 28 28 28 10 11 11 8 9 9 28 28 28 12 13 13 10 11 11 28 28 28 14 15 15 12 13 13 28 28 28 23 23 23 22 22 22 29 29 29 22 22 22 24 24 24 29 29 29 24 24 24 25 25 25 29 29 29 25 25 25 26 26 26 29 29 29 26 26 26 27 27 27 29 29 29 27 27 27 23 23 23 29 29 29 0 2 2 14 15 15 4 6 6 4 6 6 1 1 1 0 2 2 1 1 1 4 6 6 7 7 7 7 7 7 2 0 0 1 1 1 2 0 0 7 7 7 15 14 14 15 14 14 3 3 3 2 0 0 3 3 3 15 14 14 14 15 15 14 15 15 0 2 2 3 3 3</p>
                </polylist>
                <polylist count="48" material="Material2">
                    <input offset="0" semantic="VERTEX" source="#ID132"/>
                    <input offset="1" semantic="NORMAL" source="#ID128"/>
                    <input offset="2" semantic="TEXCOORD" source="#ID130" set="0"/>
                    <vcount>3 3 3 3 3 3 3 3 3 3 3 3 3 3 3 3 3 3 3 3 3 3 3 3 3 3 3 3 3 3 3 3 3 3 3 3 3 3 3 3 3 3 3 3 3 3 3 3</vcount>
                    <p>30 32 32 31 31 31 32 30 30 30 32 32 32 30 30 33 33 33 30 32 32 33 33 33 34 34 34 30 32 32 34 34 34 35 35 35 30 32 32 35 35 35 36 36 36 30 32 32 36 36 36 37 37 37 30 32 32 37 37 37 38 38 38 30 32 32 38 38 38 31 31 31 31 31 31 39 40 40 40 39 39 31 31 31 40 39 39 32 30 30 32 30 30 40 39 39 41 41 41 32 30 30 41 41 41 33 33 33 33 33 33 41 41 41 42 42 42 33 33 33 42 42 42 34 34 34 34 34 34 42 42 42 43 43 43 34 34 34 43 43 43 35 35 35 35 35 46 43 43 45 44 44 44 35 35 46 44 44 44 36 36 47 36 36 47 44 44 44 45 45 48 36 36 36 45 45 49 37 37 37 37 37 51 45 45 48 46 46 50 37 37 51 46 46 50 38 38 52 38 38 52 46 46 50 39 40 40 38 38 52 39 40 40 31 31 53 39 40 40 47 48 55 48 47 54 39 40 40 48 47 54 40 39 39 40 39 39 48 47 54 49 49 56 40 39 39 49 49 56 41 41 41 41 41 41 49 49 56 50 50 57 41 41 41 50 50 57 42 42 42 42 42 42 50 50 57 51 51 58 42 42 42 51 51 58 43 43 45 43 43 45 51 51 58 52 52 59 43 43 45 52 52 59 44 44 44 44 44 44 52 52 59 53 53 60 44 44 44 53 53 60 45 45 48 45 45 48 53 53 60 54 54 61 45 45 48 54 54 61 46 46 50 46 46 50 54 54 61 47 48 55 46 46 50 47 48 55 39 40 40 55 55 62 54 54 61 53 53 60 55 55 62 53 53 60 52 52 59 55 55 62 52 52 59 51 51 58 55 55 62 51 51 58 50 50 57 55 55 62 50 50 57 49 49 56 55 55 62 49 49 56 48 47 54 55 55 62 48 47 54 47 48 55 55 55 62 47 48 55 54 54 61</p>
                </polylist>
            </mesh>
        </geometry>
        <geometry id="ID134">
            <mesh>
                <source id="ID135">
                    <float_array id="ID136" count="168">2.17504 1.26926 0.0747781 1.83038 1.86623 0.0747765 1.83038 1.86623 0.888691 2.17504 1.26926 0.888691 0.170942 0.631431 4.48673 -0.51838 0.631431 1.79469 -0.51838 0.631431 5.89887 0.170942 0.631431 5.89887 -0.86304 0.0344618 1.79469 -0.86304 0.0344618 5.89887 -0.51838 -0.562509 1.79469 -0.51838 -0.562509 5.89887 0.170942 -0.562509 1.79469 0.170942 -0.562509 5.89887 0.515602 0.0344618 4.48673 0.515602 0.0344618 5.89887 0.243358 0.756861 8.50747 0.660436 0.0344618 8.50747 -0.590797 0.756861 8.50747 -1.00788 0.0344618 8.50747 -0.590797 -0.687937 8.50747 0.243358 -0.687937 8.50747 0.300233 0.855371 11.7143 0.774184 0.0344618 11.7143 -0.647671 0.855371 11.7143 -1.12162 0.0344618 11.7143 -0.647671 -0.786447 11.7143 0.300233 -0.786447 11.7143 -0.17372 0.0344618 1.79469 -0.17372 0.0344618 11.7143 0.0708284 0.0592451 -3.43299 0.821067 -2.09575 -2.68718 -1.7332 -1.76888 -2.35927 -2.66089 -0.573324 -2.0105 -1.64985 2.10255 -2.52721 -0.368349 3.30225 -2.10066 2.48075 2.38501 -2.04596 3.49024 -0.198973 -2.75969 2.49061 -1.74576 -2.51008 0.274444 -3.85512 0.066188 -1.994 -2.90565 -0.154569 -4.47574 0.575677 -0.802468 -2.33394 3.52922 -0.0501301 -0.0597378 3.88417 -0.540593 4.44207 2.64892 0.337017 3.98079 -1.34642 -1.41977 2.72743 -2.6276 0.0735109 -0.317708 -3.00705 2.65142 -3.06103 -1.81191 2.31527 -4.61894 0.0592451 1.5673 -2.71544 1.88737 3.07772 -0.0594898 3.07496 2.65142 2.97924 3.65939 2.01723 3.93401 0.446567 1.31258 2.06987 -1.76888 2.6594 0.239112 0.0592435 3.25842</float_array>
                    <technique_common>
                        <accessor count="56" source="#ID136" stride="3">
                            <param name="X" type="float"/>
                            <param name="Y" type="float"/>
                            <param name="Z" type="float"/>
                        </accessor>
                    </technique_common>
                </source>
                <source id="ID137">
                    <float_array id="ID138" count="168">0.695143 0.692569 0.192679 -0.546766 0.811196 -0.207383 0.56703 -0.529617 -0.630858 0.967679 -0.217098 0.128317 -0.499711 0.865748 -0.0277343 -0.304866 0.855607 -0.418321 -0.149775 0.903408 -0.401774 0.0845123 0.995533 0.042103 -0.999615 0.000111335 -0.0277343 -0.78335 -0.150755 -0.603023 -0.499904 -0.865636 -0.0277339 -0.261117 -0.753778 -0.603023 0.499712 -0.865748 -0.0277339 0.798905 -0.468598 -0.377051 0.993946 -0.0575063 0.0936178 0.855146 -0.455996 -0.246561 0.499426 0.865164 -0.0454458 0.998967 6.57769e-05 -0.0454457 -0.49954 0.865098 -0.0454458 -0.998967 -6.58228e-05 -0.0454459 -0.499427 -0.865163 -0.0454458 0.49954 -0.865098 -0.0454455 0.530908 0.613039 0.585081 0.796362 -0.15326 0.585081 -0.265454 0.766299 0.585081 -0.796361 0.15326 0.585081 -0.530907 -0.61304 0.585081 0.265454 -0.766299 0.585081 0.542046 0.312951 -0.779902 0 0 1 -0.472296 -0.486039 -0.735325 -0.0485384 -0.680071 -0.731538 -0.0596763 0.015257 -0.998101 -0.592127 0.0652416 -0.803199 -0.531925 0.512002 -0.67447 0.0141184 0.770166 -0.637688 0.544577 0.512446 -0.663955 0.580561 -0.241199 -0.777671 0.398441 -0.624903 -0.671372 -0.560187 -0.788732 -0.253163 -0.00266986 -0.993436 -0.114362 -0.909734 0.0388341 -0.413372 -0.554695 0.808607 -0.196131 -0.0941446 0.982419 -0.161215 0.758808 0.620086 -0.199257 0.953775 -0.27921 -0.11115 0.565257 -0.824465 -0.0272274 -0.52444 -0.626094 0.577034 0.0843339 -0.707639 0.701523 -0.837031 -0.249188 0.487118 -0.553346 0.494919 0.669972 -0.0750105 0.745206 0.662602 0.439966 0.591009 0.676121 0.77126 -0.0996941 0.628665 0.61086 -0.410912 0.676757 0.0581923 -0.0199451 0.998106</float_array>
                    <technique_common>
                        <accessor count="56" source="#ID138" stride="3">
                            <param name="X" type="float"/>
                            <param name="Y" type="float"/>
                            <param name="Z" type="float"/>
                        </accessor>
                    </technique_common>
                </source>
                <source id="ID139">
                    <float_array id="ID140" count="126">0.904008 0.738542 0.981876 0.768352 0.984617 0.682564 0.91589 0.662606 0.741566 0.528248 0.723399 0.586743 0.756661 0.536919 0.755091 0.528273 0.734837 0.500912 0.703036 0.502789 0.741566 0.473569 0.723399 0.418614 0.755091 0.473546 0.766143 0.41792 0.761838 0.500914 0.765472 0.501194 0.754536 0.523717 0.760227 0.500637 0.743134 0.523704 0.737453 0.500636 0.743134 0.477565 0.754536 0.477553 0.75387 0.519578 0.758583 0.500464 0.744433 0.519572 0.739725 0.500464 0.744433 0.481354 0.75387 0.481348 0.744676 0.502914 0.749151 0.500465 0.328138 0.328328 0.209764 0.310028 0.244407 0.503676 0.374022 0.440843 0.320264 0.687672 0.266283 0.803048 0.127533 0.705156 0.125887 0.484379 0.143969 0.353986 0.492396 0.162009 0.917223 0.0292977 0.465423 0.546218 0.503565 0.84096 0.242565 0.957087 0.979923 0.689078 1.24257 0.957087 1.26628 0.803048 1.12753 0.705156 1.06643 0.390583 0.0664252 0.390583 0.987718 0.235537 1.12589 0.484379 1.14397 0.353986 1.20976 0.310028 0.632172 0.3562 0.740173 0.257811 0.573095 0.503297 0.662482 0.630925 0.751242 0.744519 0.880858 0.753021 0.92991 0.536053 0.833684 0.356117 0.761487 0.503669</float_array>
                    <technique_common>
                        <accessor count="63" source="#ID140" stride="2">
                            <param name="S" type="float"/>
                            <param name="T" type="float"/>
                        </accessor>
                    </technique_common>
                </source>
                <vertices id="ID141">
                    <input semantic="POSITION" source="#ID135"/>
                </vertices>
                <polylist count="56" material="Material1">
                    <input offset="0" semantic="VERTEX" source="#ID141"/>
                    <input offset="1" semantic="NORMAL" source="#ID137"/>
                    <input offset="2" semantic="TEXCOORD" source="#ID139" set="0"/>
                    <vcount>3 3 3 3 3 3 3 3 3 3 3 3 3 3 3 3 3 3 3 3 3 3 3 3 3 3 3 3 3 3 3 3 3 3 3 3 3 3 3 3 3 3 3 3 3 3 3 3 3 3 3 3 3 3 3 3</vcount>
                    <p>0 2 2 1 1 1 2 0 0 0 2 2 2 0 0 3 3 3 4 6 6 5 5 5 6 4 4 4 6 6 6 4 4 7 7 7 5 5 5 8 9 9 9 8 8 5 5 5 9 8 8 6 4 4 8 9 9 10 11 11 11 10 10 8 9 9 11 10 10 9 8 8 10 11 11 12 13 13 13 12 12 10 11 11 13 12 12 11 10 10 12 13 13 14 15 15 15 14 14 12 13 13 15 14 14 13 12 12 15 14 14 7 7 7 16 16 16 15 14 14 16 16 16 17 17 17 7 7 7 6 4 4 18 18 18 7 7 7 18 18 18 16 16 16 6 4 4 9 8 8 19 19 19 6 4 4 19 19 19 18 18 18 9 8 8 11 10 10 20 20 20 9 8 8 20 20 20 19 19 19 11 10 10 13 12 12 21 21 21 11 10 10 21 21 21 20 20 20 13 12 12 15 14 14 17 17 17 13 12 12 17 17 17 21 21 21 17 17 17 16 16 16 22 22 22 17 17 17 22 22 22 23 23 23 16 16 16 18 18 18 24 24 24 16 16 16 24 24 24 22 22 22 18 18 18 19 19 19 25 25 25 18 18 18 25 25 25 24 24 24 19 19 19 20 20 20 26 26 26 19 19 19 26 26 26 25 25 25 20 20 20 21 21 21 27 27 27 20 20 20 27 27 27 26 26 26 21 21 21 17 17 17 23 23 23 21 21 21 23 23 23 27 27 27 4 6 6 14 15 15 28 28 28 5 5 5 4 6 6 28 28 28 8 9 9 5 5 5 28 28 28 10 11 11 8 9 9 28 28 28 12 13 13 10 11 11 28 28 28 14 15 15 12 13 13 28 28 28 23 23 23 22 22 22 29 29 29 22 22 22 24 24 24 29 29 29 24 24 24 25 25 25 29 29 29 25 25 25 26 26 26 29 29 29 26 26 26 27 27 27 29 29 29 27 27 27 23 23 23 29 29 29 0 2 2 14 15 15 4 6 6 4 6 6 1 1 1 0 2 2 1 1 1 4 6 6 7 7 7 7 7 7 2 0 0 1 1 1 2 0 0 7 7 7 15 14 14 15 14 14 3 3 3 2 0 0 3 3 3 15 14 14 14 15 15 14 15 15 0 2 2 3 3 3</p>
                </polylist>
                <polylist count="48" material="Material2">
                    <input offset="0" semantic="VERTEX" source="#ID141"/>
                    <input offset="1" semantic="NORMAL" source="#ID137"/>
                    <input offset="2" semantic="TEXCOORD" source="#ID139" set="0"/>
                    <vcount>3 3 3 3 3 3 3 3 3 3 3 3 3 3 3 3 3 3 3 3 3 3 3 3 3 3 3 3 3 3 3 3 3 3 3 3 3 3 3 3 3 3 3 3 3 3 3 3</vcount>
                    <p>30 32 32 31 31 31 32 30 30 30 32 32 32 30 30 33 33 33 30 32 32 33 33 33 34 34 34 30 32 32 34 34 34 35 35 35 30 32 32 35 35 35 36 36 36 30 32 32 36 36 36 37 37 37 30 32 32 37 37 37 38 38 38 30 32 32 38 38 38 31 31 31 31 31 31 39 40 40 40 39 39 31 31 31 40 39 39 32 30 30 32 30 30 40 39 39 41 41 41 32 30 30 41 41 41 33 33 33 33 33 33 41 41 41 42 42 42 33 33 33 42 42 42 34 34 34 34 34 34 42 42 42 43 43 43 34 34 34 43 43 43 35 35 35 35 35 46 43 43 45 44 44 44 35 35 46 44 44 44 36 36 47 36 36 47 44 44 44 45 45 48 36 36 36 45 45 49 37 37 37 37 37 51 45 45 48 46 46 50 37 37 51 46 46 50 38 38 52 38 38 52 46 46 50 39 40 40 38 38 52 39 40 40 31 31 53 39 40 40 47 48 55 48 47 54 39 40 40 48 47 54 40 39 39 40 39 39 48 47 54 49 49 56 40 39 39 49 49 56 41 41 41 41 41 41 49 49 56 50 50 57 41 41 41 50 50 57 42 42 42 42 42 42 50 50 57 51 51 58 42 42 42 51 51 58 43 43 45 43 43 45 51 51 58 52 52 59 43 43 45 52 52 59 44 44 44 44 44 44 52 52 59 53 53 60 44 44 44 53 53 60 45 45 48 45 45 48 53 53 60 54 54 61 45 45 48 54 54 61 46 46 50 46 46 50 54 54 61 47 48 55 46 46 50 47 48 55 39 40 40 55 55 62 54 54 61 53 53 60 55 55 62 53 53 60 52 52 59 55 55 62 52 52 59 51 51 58 55 55 62 51 51 58 50 50 57 55 55 62 50 50 57 49 49 56 55 55 62 49 49 56 48 47 54 55 55 62 48 47 54 47 48 55 55 55 62 47 48 55 54 54 61</p>
                </polylist>
            </mesh>
        </geometry>
        <geometry id="ID143">
            <mesh>
                <source id="ID144">
                    <float_array id="ID145" count="168">2.93132 1.71059 0.100779 2.46682 2.51513 0.100777 2.46682 2.51513 1.1977 2.93132 1.71059 1.1977 0.23038 0.850985 6.0468 -0.698625 0.850985 2.41872 -0.698625 0.850985 7.94996 0.23038 0.850985 7.94996 -1.16313 0.0464445 2.41872 -1.16313 0.0464445 7.94996 -0.698625 -0.758098 2.41872 -0.698625 -0.758098 7.94996 0.23038 -0.758098 2.41872 0.23038 -0.758098 7.94996 0.694882 0.0464445 6.0468 0.694882 0.0464445 7.94996 0.327976 1.02003 11.4656 0.890075 0.0464445 11.4656 -0.796223 1.02003 11.4656 -1.35832 0.0464445 11.4656 -0.796223 -0.927139 11.4656 0.327976 -0.927139 11.4656 0.404627 1.15279 15.7875 1.04338 0.0464445 15.7875 -0.872872 1.15279 15.7875 -1.51162 0.0464445 15.7875 -0.872872 -1.0599 15.7875 0.404627 -1.0599 15.7875 -0.234123 0.0464445 2.41872 -0.234123 0.0464445 15.7875 0.0954561 0.0798452 -4.62668 1.10656 -2.82446 -3.62154 -2.33585 -2.38393 -3.1796 -3.5861 -0.772674 -2.70957 -2.22352 2.83362 -3.40595 -0.496427 4.45047 -2.83107 3.34333 3.2143 -2.75736 4.70383 -0.268158 -3.71926 3.35662 -2.35277 -3.38286 0.36987 -5.19558 0.0892022 -2.68733 -3.91597 -0.208313 -6.03199 0.775844 -1.08149 -3.14548 4.75636 -0.0675608 -0.0805092 5.23473 -0.728562 5.98662 3.56998 0.454201 5.36495 -1.81458 -1.91343 3.67579 -3.54124 0.0990714 -0.428178 -4.05263 3.57335 -4.12538 -2.44193 3.12031 -6.22498 0.0798452 2.11227 -3.65962 2.54362 4.14787 -0.080175 4.14415 3.57335 4.01514 4.93179 2.71864 5.30191 0.601843 1.76898 2.78958 -2.38393 3.5841 0.322254 0.079843 4.39141</float_array>
                    <technique_common>
                        <accessor count="56" source="#ID145" stride="3">
                            <param name="X" type="float"/>
                            <param name="Y" type="float"/>
                            <param name="Z" type="float"/>
                        </accessor>
                    </technique_common>
                </source>
                <source id="ID146">
                    <float_array id="ID147" count="168">0.695143 0.692569 0.192679 -0.546766 0.811196 -0.207383 0.56703 -0.529617 -0.630858 0.967679 -0.217098 0.128317 -0.499711 0.865748 -0.0277343 -0.304867 0.855607 -0.418321 -0.149775 0.903408 -0.401774 0.0845123 0.995533 0.042103 -0.999615 0.000111358 -0.0277343 -0.78335 -0.150755 -0.603023 -0.499904 -0.865636 -0.0277339 -0.261117 -0.753778 -0.603023 0.499712 -0.865748 -0.0277339 0.798905 -0.468598 -0.377051 0.993946 -0.0575063 0.0936179 0.855146 -0.455996 -0.246561 0.499426 0.865164 -0.0454458 0.998967 6.57769e-05 -0.0454457 -0.49954 0.865098 -0.0454458 -0.998967 -6.58171e-05 -0.0454459 -0.499427 -0.865163 -0.0454458 0.49954 -0.865098 -0.0454455 0.530908 0.613039 0.585081 0.796362 -0.15326 0.585081 -0.265454 0.766299 0.585081 -0.796361 0.15326 0.585081 -0.530907 -0.61304 0.585081 0.265454 -0.766299 0.585081 0.542046 0.312951 -0.779902 0 0 1 -0.472296 -0.486039 -0.735325 -0.0485384 -0.680071 -0.731538 -0.0596762 0.0152569 -0.998101 -0.592127 0.0652416 -0.803199 -0.531925 0.512002 -0.67447 0.0141184 0.770166 -0.637688 0.544577 0.512446 -0.663955 0.580561 -0.241199 -0.777671 0.398441 -0.624903 -0.671372 -0.560188 -0.788732 -0.253163 -0.0026699 -0.993436 -0.114362 -0.909734 0.038834 -0.413372 -0.554695 0.808607 -0.196131 -0.0941446 0.982419 -0.161215 0.758808 0.620086 -0.199257 0.953775 -0.27921 -0.11115 0.565257 -0.824465 -0.0272274 -0.52444 -0.626094 0.577034 0.0843339 -0.707639 0.701523 -0.837031 -0.249188 0.487118 -0.553346 0.494919 0.669972 -0.0750105 0.745206 0.662602 0.439966 0.591009 0.676121 0.77126 -0.0996941 0.628665 0.61086 -0.410912 0.676757 0.0581923 -0.0199451 0.998106</float_array>
                    <technique_common>
                        <accessor count="56" source="#ID147" stride="3">
                            <param name="X" type="float"/>
                            <param name="Y" type="float"/>
                            <param name="Z" type="float"/>
                        </accessor>
                    </technique_common>
                </source>
                <source id="ID148">
                    <float_array id="ID149" count="126">0.904008 0.738542 0.981876 0.768352 0.984617 0.682564 0.91589 0.662606 0.741566 0.528248 0.723399 0.586743 0.756661 0.536919 0.755091 0.528273 0.734837 0.500912 0.703036 0.502789 0.741566 0.473569 0.723399 0.418614 0.755091 0.473546 0.766143 0.41792 0.761838 0.500914 0.765472 0.501194 0.754536 0.523717 0.760227 0.500637 0.743134 0.523704 0.737453 0.500636 0.743134 0.477565 0.754536 0.477553 0.75387 0.519578 0.758583 0.500464 0.744433 0.519572 0.739725 0.500464 0.744433 0.481354 0.75387 0.481348 0.744676 0.502914 0.749151 0.500465 0.328138 0.328328 0.209764 0.310028 0.244407 0.503676 0.374022 0.440843 0.320264 0.687672 0.266283 0.803048 0.127533 0.705156 0.125887 0.484379 0.143969 0.353986 0.492396 0.162009 0.917223 0.0292977 0.465423 0.546218 0.503565 0.84096 0.242565 0.957087 0.979923 0.689078 1.24257 0.957087 1.26628 0.803048 1.12753 0.705156 1.06643 0.390583 0.0664252 0.390583 0.987718 0.235537 1.12589 0.484379 1.14397 0.353986 1.20976 0.310028 0.632172 0.3562 0.740173 0.257811 0.573095 0.503297 0.662482 0.630925 0.751242 0.744519 0.880858 0.753021 0.92991 0.536053 0.833684 0.356117 0.761487 0.503669</float_array>
                    <technique_common>
                        <accessor count="63" source="#ID149" stride="2">
                            <param name="S" type="float"/>
                            <param name="T" type="float"/>
                        </accessor>
                    </technique_common>
                </source>
                <vertices id="ID150">
                    <input semantic="POSITION" source="#ID144"/>
                </vertices>
                <polylist count="56" material="Material1">
                    <input offset="0" semantic="VERTEX" source="#ID150"/>
                    <input offset="1" semantic="NORMAL" source="#ID146"/>
                    <input offset="2" semantic="TEXCOORD" source="#ID148" set="0"/>
                    <vcount>3 3 3 3 3 3 3 3 3 3 3 3 3 3 3 3 3 3 3 3 3 3 3 3 3 3 3 3 3 3 3 3 3 3 3 3 3 3 3 3 3 3 3 3 3 3 3 3 3 3 3 3 3 3 3 3</vcount>
                    <p>0 2 2 1 1 1 2 0 0 0 2 2 2 0 0 3 3 3 4 6 6 5 5 5 6 4 4 4 6 6 6 4 4 7 7 7 5 5 5 8 9 9 9 8 8 5 5 5 9 8 8 6 4 4 8 9 9 10 11 11 11 10 10 8 9 9 11 10 10 9 8 8 10 11 11 12 13 13 13 12 12 10 11 11 13 12 12 11 10 10 12 13 13 14 15 15 15 14 14 12 13 13 15 14 14 13 12 12 15 14 14 7 7 7 16 16 16 15 14 14 16 16 16 17 17 17 7 7 7 6 4 4 18 18 18 7 7 7 18 18 18 16 16 16 6 4 4 9 8 8 19 19 19 6 4 4 19 19 19 18 18 18 9 8 8 11 10 10 20 20 20 9 8 8 20 20 20 19 19 19 11 10 10 13 12 12 21 21 21 11 10 10 21 21 21 20 20 20 13 12 12 15 14 14 17 17 17 13 12 12 17 17 17 21 21 21 17 17 17 16 16 16 22 22 22 17 17 17 22 22 22 23 23 23 16 16 16 18 18 18 24 24 24 16 16 16 24 24 24 22 22 22 18 18 18 19 19 19 25 25 25 18 18 18 25 25 25 24 24 24 19 19 19 20 20 20 26 26 26 19 19 19 26 26 26 25 25 25 20 20 20 21 21 21 27 27 27 20 20 20 27 27 27 26 26 26 21 21 21 17 17 17 23 23 23 21 21 21 23 23 23 27 27 27 4 6 6 14 15 15 28 28 28 5 5 5 4 6 6 28 28 28 8 9 9 5 5 5 28 28 28 10 11 11 8 9 9 28 28 28 12 13 13 10 11 11 28 28 28 14 15 15 12 13 13 28 28 28 23 23 23 22 22 22 29 29 29 22 22 22 24 24 24 29 29 29 24 24 24 25 25 25 29 29 29 25 25 25 26 26 26 29 29 29 26 26 26 27 27 27 29 29 29 27 27 27 23 23 23 29 29 29 0 2 2 14 15 15 4 6 6 4 6 6 1 1 1 0 2 2 1 1 1 4 6 6 7 7 7 7 7 7 2 0 0 1 1 1 2 0 0 7 7 7 15 14 14 15 14 14 3 3 3 2 0 0 3 3 3 15 14 14 14 15 15 14 15 15 0 2 2 3 3 3</p>
                </polylist>
                <polylist count="48" material="Material2">
                    <input offset="0" semantic="VERTEX" source="#ID150"/>
                    <input offset="1" semantic="NORMAL" source="#ID146"/>
                    <input offset="2" semantic="TEXCOORD" source="#ID148" set="0"/>
                    <vcount>3 3 3 3 3 3 3 3 3 3 3 3 3 3 3 3 3 3 3 3 3 3 3 3 3 3 3 3 3 3 3 3 3 3 3 3 3 3 3 3 3 3 3 3 3 3 3 3</vcount>
                    <p>30 32 32 31 31 31 32 30 30 30 32 32 32 30 30 33 33 33 30 32 32 33 33 33 34 34 34 30 32 32 34 34 34 35 35 35 30 32 32 35 35 35 36 36 36 30 32 32 36 36 36 37 37 37 30 32 32 37 37 37 38 38 38 30 32 32 38 38 38 31 31 31 31 31 31 39 40 40 40 39 39 31 31 31 40 39 39 32 30 30 32 30 30 40 39 39 41 41 41 32 30 30 41 41 41 33 33 33 33 33 33 41 41 41 42 42 42 33 33 33 42 42 42 34 34 34 34 34 34 42 42 42 43 43 43 34 34 34 43 43 43 35 35 35 35 35 46 43 43 45 44 44 44 35 35 46 44 44 44 36 36 47 36 36 47 44 44 44 45 45 48 36 36 36 45 45 49 37 37 37 37 37 51 45 45 48 46 46 50 37 37 51 46 46 50 38 38 52 38 38 52 46 46 50 39 40 40 38 38 52 39 40 40 31 31 53 39 40 40 47 48 55 48 47 54 39 40 40 48 47 54 40 39 39 40 39 39 48 47 54 49 49 56 40 39 39 49 49 56 41 41 41 41 41 41 49 49 56 50 50 57 41 41 41 50 50 57 42 42 42 42 42 42 50 50 57 51 51 58 42 42 42 51 51 58 43 43 45 43 43 45 51 51 58 52 52 59 43 43 45 52 52 59 44 44 44 44 44 44 52 52 59 53 53 60 44 44 44 53 53 60 45 45 48 45 45 48 53 53 60 54 54 61 45 45 48 54 54 61 46 46 50 46 46 50 54 54 61 47 48 55 46 46 50 47 48 55 39 40 40 55 55 62 54 54 61 53 53 60 55 55 62 53 53 60 52 52 59 55 55 62 52 52 59 51 51 58 55 55 62 51 51 58 50 50 57 55 55 62 50 50 57 49 49 56 55 55 62 49 49 56 48 47 54 55 55 62 48 47 54 47 48 55 55 55 62 47 48 55 54 54 61</p>
                </polylist>
            </mesh>
        </geometry>
        <geometry id="ID160">
            <mesh>
                <source id="ID161">
                    <float_array id="ID162" count="363">-52.1886 -34.18 131.878 -42.4893 -34.7831 134.201 -31.8477 -34.7627 134.122 -20.8968 -34.2149 132.013 -10.3167 -33.7837 130.348 2.84445e-14 -34.2679 132.217 10.7156 -35.0898 135.378 20.6454 -33.8032 130.423 30.1495 -32.907 126.952 40.787 -33.3892 128.822 52.3916 -34.3128 132.39 -52.7697 -34.5593 106.671 -42.0636 -33.1337 106.29 -30.3342 -30.7346 102.185 -14.928 -23.7151 100.505 -6.84061 -20.6012 112.048 -1.02422 -21.3388 109.106 10.628 -28.425 107.421 20.6582 -29.3304 104.404 30.249 -31.6819 101.894 39.9719 -32.6275 100.959 53.65 -35.1304 108.426 -52.8229 -34.5933 80.0815 -43.1568 -31.6799 81.7541 -31.7202 -26.848 80.1505 -20.8041 -21.3293 78.8563 -9.83348 -12.1008 74.5314 2.85358e-14 -11.7028 80.7047 10.8748 -18.3361 82.4261 20.1918 -20.3508 76.5226 32.2269 -27.6157 81.4147 43.4599 -34.4082 82.3098 53.0809 -34.7606 80.4667 -52.7282 -34.5311 53.2915 -41.4113 -29.71 52.3209 -33.0244 -19.2483 55.5681 -19.8941 -9.82961 50.2488 -10.4074 3.45755 52.5982 0.305553 -0.870591 53.2447 17.0861 -4.44451 57.4204 27.6747 -14.6258 57.3411 31.8979 -20.0017 53.7274 44.1376 -31.0255 55.6655 50.2716 -32.9059 50.7699 -54.2443 -35.4926 27.3765 -41.8231 -28.3029 26.4209 -32.1507 -15.8147 27.0662 -20.6705 0.614488 26.1158 -10.963 7.75724 27.685 0.305553 12.6078 30.066 13.9179 9.08335 24.1415 27.4133 -9.65899 29.8096 28.3507 -17.8528 23.7008 42.256 -27.6532 26.6905 51.235 -33.5499 25.8872 -49.1725 -32.131 3.81782e-14 -38.1265 -24.4358 3.98897e-14 -32.9512 -10.5898 4.26314e-14 -22.6397 6.28842 4.4951e-14 -11.8514 15.6969 4.7525e-14 3.34166e-14 3.09133 5.42294e-14 14.7156 2.13977 5.4694e-14 23.9376 2.06272 5.44924e-14 33.4793 -16.4649 5.55614e-14 41.3809 -27.3713 5.61889e-14 51.4459 -33.69 5.80541e-14 -50.4912 -33.0489 -25.4949 -38.8466 -25.6438 -24.4327 -33.5698 -11.2725 -28.1827 -21.3921 -4.15254 -27.0198 -10.9944 7.65962 -27.7626 2.88129e-14 2.56367 -28.2916 9.66138 -7.8454 -24.3764 20.3163 -9.32812 -25.6606 33.7559 -17.3663 -28.32 43.0016 -30.268 -27.144 49.8652 -32.6207 -25.1566 -50.3315 -32.9463 -50.8332 -43.9348 -31.1942 -55.4248 -30.8602 -21.1526 -51.9845 -20.5249 -15.5756 -51.8623 -11.2607 -6.11187 -56.8873 -5.90365 3.40916 -50.3344 5.2991 -9.90358 -54.4175 21.4111 -12.593 -54.0959 32.7994 -23.8546 -55.2004 42.6461 -32.0549 -53.866 51.1176 -33.4732 -51.6562 -53.631 -35.1155 -81.2822 -42.8335 -32.3303 -81.1555 -30.8423 -25.959 -77.9332 -20.8786 -21.4087 -79.1388 -10.5986 -13.0546 -80.3453 2.64221 -7.56005 -92.3541 13.3215 -8.50926 -90.4541 21.7655 -22.66 -82.473 30.3561 -27.5959 -76.6893 43.2212 -33.4268 -81.8718 50.9258 -33.3476 -77.1935 -50.068 -32.7799 -101.163 -40.7626 -32.1883 -102.992 -30.3346 -30.7056 -102.187 -21.0806 -29.4784 -106.537 -10.5391 -28.3628 -106.526 2.83464e-14 -30.1887 -103.801 10.6441 -32.0305 -107.582 20.9252 -30.7627 -105.754 31.8386 -32.0749 -107.265 40.6738 -32.2626 -102.764 52.7982 -34.5779 -106.728 -52.1365 -34.1458 -131.746 -41.0663 -33.6187 -129.71 -30.6193 -33.4217 -128.947 -21.3676 -34.9851 -134.977 -10.1069 -33.0963 -127.686 2.84811e-14 -34.5059 -133.134 10.1311 -33.1756 -127.994 20.8899 -34.2036 -131.969 31.7658 -34.6734 -133.779 41.9291 -34.3258 -132.44 51.1287 -33.4839 -129.189</float_array>
                    <technique_common>
                        <accessor count="121" source="#ID162" stride="3">
                            <param name="X" type="float"/>
                            <param name="Y" type="float"/>
                            <param name="Z" type="float"/>
                        </accessor>
                    </technique_common>
                </source>
                <source id="ID163">
                    <float_array id="ID164" count="339">-0.0425439 0.998806 0.0240077 -0.126612 0.991554 0.0281017 -0.151811 0.986014 0.0687744 -0.0671599 0.996092 0.0573527 -0.241937 0.957429 0.157468 -0.146756 0.97736 0.152413 -0.371732 0.889374 0.266138 -0.234622 0.920394 0.312773 -0.167285 0.905289 0.390471 -0.0468064 0.86782 0.494669 0.252782 0.890859 0.377453 0.226046 0.866221 0.445605 0.283103 0.912177 0.296286 0.166585 0.949064 0.267446 0.234913 0.9369 0.258909 0.0565034 0.978162 0.200016 -0.18703 0.972833 -0.136439 -0.0655084 0.991726 -0.110397 -0.0646305 0.982521 -0.174573 -0.208696 0.949098 -0.235921 -0.141603 0.988964 -0.0435647 -0.0653405 0.995955 -0.0616747 0.163072 0.873704 -0.458311 0.017373 0.994988 -0.0984719 0.0254808 0.994254 -0.10397 0.247264 0.931021 -0.26844 -0.277713 0.96026 0.0278547 -0.354976 0.931011 0.084915 -0.427163 0.882404 0.197216 -0.523587 0.804287 0.281033 -0.311328 0.877552 0.36466 0.205824 0.898377 0.388014 0.393724 0.832187 0.390444 0.467461 0.811018 0.351754 0.540714 0.801068 0.256748 0.350256 0.904392 0.243714 0.0200894 0.980869 -0.193632 -0.15258 0.920031 -0.360918 0.0634056 0.991475 -0.113827 0.214291 0.967191 -0.136456 -0.395369 0.918177 0.0252009 -0.553767 0.830205 0.0640407 -0.626707 0.757324 0.183572 -0.618213 0.732198 0.28583 -0.376454 0.843272 0.383633 0.11611 0.896514 0.42753 0.455781 0.804428 0.380998 0.73799 0.629251 0.243749 0.721336 0.679826 0.132327 0.543909 0.836436 0.0673592 0.575167 0.802273 0.159815 0.0798096 0.986614 -0.142206 -0.0309779 0.874718 -0.483642 -0.490777 0.870884 0.0264495 -0.68154 0.731 0.0338061 -0.79372 0.597664 0.113161 -0.709008 0.674133 0.207006 -0.32407 0.923616 0.204724 0.140267 0.984061 0.109313 0.413152 0.908935 0.056053 0.816944 0.574137 0.0544926 0.835818 0.545275 0.0639035 0.57585 0.816838 0.0342537 0.482467 0.87586 0.00980839 0.422319 0.906134 0.0238398 -0.544688 0.838614 0.00645297 -0.756299 0.654071 0.0142429 -0.847047 0.53122 0.0177841 -0.724566 0.689205 -0.000693656 -0.151022 0.985974 -0.0710395 0.34476 0.921157 -0.180583 0.262212 0.931817 -0.250922 0.615053 0.772505 -0.157945 0.822783 0.568352 0.00178098 0.63479 0.772603 0.011216 0.491273 0.870741 -0.0214792 -0.479687 0.877156 -0.0223022 -0.71095 0.70174 -0.0459479 -0.751081 0.638363 -0.168432 -0.648462 0.712183 -0.268873 -0.315263 0.909806 -0.26993 0.418151 0.886283 -0.199128 0.359732 0.903692 -0.232236 0.389438 0.892053 -0.229301 0.714486 0.687833 -0.128043 0.583766 0.809915 -0.0570539 0.349858 0.935936 -0.0402928 -0.338973 0.939948 -0.0399385 -0.517806 0.851354 -0.0840971 -0.566653 0.797624 -0.206639 -0.591515 0.762126 -0.2632 -0.590989 0.76592 -0.253176 0.120218 0.970521 -0.208893 0.495073 0.864126 -0.0904988 0.490145 0.86042 -0.139411 0.621788 0.76792 -0.153878 0.411951 0.907754 -0.0792401 0.174527 0.984127 -0.0321637 -0.211434 0.977392 -0.00109043 -0.310288 0.949258 -0.0512972 -0.396281 0.905776 -0.150105 -0.466663 0.851939 -0.237541 -0.508962 0.773002 -0.378716 -0.327965 0.699584 -0.634839 0.501544 0.864973 -0.0166216 0.441125 0.790203 -0.425426 0.530654 0.798107 -0.285362 0.436969 0.884798 -0.161835 0.287181 0.955304 -0.0701567 0.0919796 0.995506 -0.0225201 -0.101939 0.994791 -0.000466363 0.256738 0.963876 -0.0709178 -0.0567357 0.997273 -0.0471936</float_array>
                    <technique_common>
                        <accessor count="113" source="#ID164" stride="3">
                            <param name="X" type="float"/>
                            <param name="Y" type="float"/>
                            <param name="Z" type="float"/>
                        </accessor>
                    </technique_common>
                </source>
                <source id="ID165">
                    <float_array id="ID166" count="224">0 0 0 0.1 0.1 0.1 0.1 0 0.2 0.1 0.2 0 0.3 0.1 0.3 0 0.4 0.1 0.4 0 0.5 0.1 0.5 0 0.6 0.1 0.6 0 0.7 0.1 0.7 0 0.2 0.9 0.2 1 0.3 1 0.3 0.9 0.1 0.9 0.1 1 0.6 0.9 0.6 1 0.7 1 0.7 0.9 0 0.2 0.1 0.2 0.2 0.2 0.3 0.2 0.4 0.2 0.5 0.2 0.6 0.2 0.7 0.2 0.8 0.2 0.8 0.1 0.4 1 0.4 0.9 0.8 1 0.8 0.9 0 0.3 0.1 0.3 0.2 0.3 0.3 0.3 0.4 0.3 0.5 0.3 0.6 0.3 0.7 0.3 0.8 0.3 0.9 0.3 0.9 0.2 0.5 1 0.5 0.9 0 0.4 0.1 0.4 0.2 0.4 0.3 0.4 0.4 0.4 0.5 0.4 0.6 0.4 0.7 0.4 0.8 0.4 0.9 0.4 1 0.4 1 0.3 0 0.5 0.1 0.5 0.2 0.5 0.3 0.5 0.4 0.5 0.5 0.5 0.6 0.5 0.7 0.5 0.8 0.5 0.9 0.5 1 0.5 0 0.6 0.1 0.6 0.2 0.6 0.3 0.6 0.4 0.6 0.5 0.6 0.6 0.6 0.7 0.6 0.8 0.6 0.9 0.6 1 0.6 0 0.7 0.1 0.7 0.2 0.7 0.3 0.7 0.4 0.7 0.5 0.7 0.6 0.7 0.7 0.7 0.8 0.7 0.9 0.7 1 0.7 0 0.8 0.1 0.8 0.2 0.8 0.3 0.8 0.4 0.8 0.5 0.8 0.6 0.8 0.7 0.8 0.8 0.8 0.9 0.8 1 0.8 0 0.9 0.9 0.9 0 1</float_array>
                    <technique_common>
                        <accessor count="112" source="#ID166" stride="2">
                            <param name="S" type="float"/>
                            <param name="T" type="float"/>
                        </accessor>
                    </technique_common>
                </source>
                <vertices id="ID167">
                    <input semantic="POSITION" source="#ID161"/>
                </vertices>
                <polylist count="91" material="Material1">
                    <input offset="0" semantic="VERTEX" source="#ID167"/>
                    <input offset="1" semantic="NORMAL" source="#ID163"/>
                    <input offset="2" semantic="TEXCOORD" source="#ID165" set="0"/>
                    <vcount>4 4 4 4 4 4 4 4 4 4 4 4 4 4 4 4 4 4 4 4 4 4 4 4 4 4 4 4 4 4 4 4 4 4 4 4 4 4 4 4 4 4 4 4 4 4 4 4 4 4 4 4 4 4 4 4 4 4 4 4 4 4 4 4 4 4 4 4 4 4 4 4 4 4 4 4 4 4 4 4 4 4 4 4 4 4 4 4 4 4 4</vcount>
                    <p>1 3 3 12 2 2 11 1 1 0 0 0 2 5 5 13 4 4 12 2 2 1 3 3 3 7 7 14 6 6 13 4 4 2 5 5 4 9 9 15 8 8 14 6 6 3 7 7 5 11 11 16 10 10 15 8 8 4 9 9 6 13 13 17 12 12 16 10 10 5 11 11 7 15 15 18 14 14 17 12 12 6 13 13 102 19 19 113 18 18 112 17 17 101 16 16 101 16 16 112 17 17 111 21 21 100 20 20 106 25 25 117 24 24 116 23 23 105 22 22 12 2 2 23 27 27 22 26 26 11 1 1 13 4 4 24 28 28 23 27 27 12 2 2 14 6 6 25 29 29 24 28 28 13 4 4 15 8 8 26 30 30 25 29 29 14 6 6 16 10 10 27 31 31 26 30 30 15 8 8 17 12 12 28 32 32 27 31 31 16 10 10 18 14 14 29 33 33 28 32 32 17 12 12 19 35 35 30 34 34 29 33 33 18 14 14 103 37 37 114 36 36 113 18 18 102 19 19 107 39 39 118 38 38 117 24 24 106 25 25 23 27 27 34 41 41 33 40 40 22 26 26 24 28 28 35 42 42 34 41 41 23 27 27 25 29 29 36 43 43 35 42 42 24 28 28 26 30 30 37 44 44 36 43 43 25 29 29 27 31 31 38 45 45 37 44 44 26 30 30 28 32 32 39 46 46 38 45 45 27 31 31 29 33 33 40 47 47 39 46 46 28 32 32 30 34 34 41 48 48 40 47 47 29 33 33 31 50 50 42 49 49 41 48 48 30 34 34 104 52 52 115 51 51 114 36 36 103 37 37 34 41 41 45 54 54 44 53 53 33 40 40 35 42 42 46 55 55 45 54 54 34 41 41 36 43 43 47 56 56 46 55 55 35 42 42 37 44 44 48 57 57 47 56 56 36 43 43 38 45 45 49 58 58 48 57 57 37 44 44 39 46 46 50 59 59 49 58 58 38 45 45 40 47 47 51 60 60 50 59 59 39 46 46 41 48 48 52 61 61 51 60 60 40 47 47 42 49 49 53 62 62 52 61 61 41 48 48 43 64 64 54 63 63 53 62 62 42 49 49 45 54 54 56 66 66 55 65 65 44 53 53 46 55 55 57 67 67 56 66 66 45 54 54 47 56 56 58 68 68 57 67 67 46 55 55 48 57 57 59 69 69 58 68 68 47 56 56 49 58 58 60 70 70 59 69 69 48 57 57 50 59 59 61 71 71 60 70 70 49 58 58 51 60 60 62 72 72 61 71 71 50 59 59 52 61 61 63 73 73 62 72 72 51 60 60 53 62 62 64 74 74 63 73 73 52 61 61 54 63 63 65 75 75 64 74 74 53 62 62 56 66 66 67 77 77 66 76 76 55 65 65 57 67 67 68 78 78 67 77 77 56 66 66 58 68 68 69 79 79 68 78 78 57 67 67 59 69 69 70 80 80 69 79 79 58 68 68 60 70 70 71 81 81 70 80 80 59 69 69 61 71 71 72 82 82 71 81 81 60 70 70 62 72 72 73 83 83 72 82 82 61 71 71 63 73 73 74 84 84 73 83 83 62 72 72 64 74 74 75 85 85 74 84 84 63 73 73 65 75 75 76 86 86 75 85 85 64 74 74 67 77 77 78 88 88 77 87 87 66 76 76 68 78 78 79 89 89 78 88 88 67 77 77 69 79 79 80 90 90 79 89 89 68 78 78 70 80 80 81 91 91 80 90 90 69 79 79 71 81 81 82 92 92 81 91 91 70 80 80 72 82 82 83 93 93 82 92 92 71 81 81 73 83 83 84 94 94 83 93 93 72 82 82 74 84 84 85 95 95 84 94 94 73 83 83 75 85 85 86 96 96 85 95 95 74 84 84 76 86 86 87 97 97 86 96 96 75 85 85 78 88 88 89 99 99 88 98 98 77 87 87 79 89 89 90 100 100 89 99 99 78 88 88 80 90 90 91 101 101 90 100 100 79 89 89 81 91 91 92 102 102 91 101 101 80 90 90 82 92 92 93 103 103 92 102 102 81 91 91 83 93 93 94 105 104 93 104 103 82 92 92 84 94 94 95 106 105 94 105 104 83 93 93 85 95 95 96 107 106 95 106 105 84 94 94 86 96 96 97 108 107 96 107 106 85 95 95 87 97 97 98 109 108 97 108 107 86 96 96 89 99 99 100 20 20 99 110 109 88 98 98 90 100 100 101 16 16 100 20 20 89 99 99 91 101 101 102 19 19 101 16 16 90 100 100 92 102 102 103 37 37 102 19 19 91 101 101 93 103 103 104 52 52 103 37 37 92 102 102 94 105 104 105 22 22 104 52 52 93 103 103 95 106 105 106 25 25 105 22 22 94 105 104 96 107 106 107 39 39 106 25 25 95 106 105 97 108 107 108 111 110 107 39 39 96 107 106 105 22 22 116 23 23 115 51 51 104 52 52 100 20 20 111 21 21 110 112 111 99 110 109</p>
                </polylist>
            </mesh>
        </geometry>
        <geometry id="ID169">
            <mesh>
                <source id="ID170">
                    <float_array id="ID171" count="363">-52.1886 -39.0555 77.5479 -42.4893 -39.7447 78.9139 -31.8477 -39.7213 78.8676 -20.8968 -39.0954 77.6271 -10.3167 -38.6027 76.6482 2.27909e-17 -39.156 77.7474 10.7156 -40.0951 79.6062 20.6454 -38.625 76.6926 30.1495 -37.601 74.6514 40.787 -38.1519 75.7508 52.3916 -39.2072 77.8491 -52.7697 -39.4889 62.7257 -42.0636 -37.8599 62.5017 -30.3342 -35.1187 60.0878 -14.928 -27.0979 59.0998 -6.84061 -23.5398 65.8876 -1.02422 -24.3826 64.1571 10.628 -32.4796 63.1664 20.6582 -33.5141 61.3922 30.249 -36.2011 59.9164 39.9719 -37.2816 59.367 53.65 -40.1415 63.7575 -52.8229 -39.5279 47.0901 -43.1568 -36.1988 48.0737 -31.7202 -30.6776 47.1307 -20.8041 -24.3718 46.3697 -9.83348 -13.8269 43.8266 1.14088e-16 -13.3721 47.4566 10.8748 -20.9516 48.4688 20.1918 -23.2537 44.9974 32.2269 -31.5549 47.8741 43.4599 -39.3163 48.4005 53.0809 -39.719 47.3167 -52.7282 -39.4568 31.3369 -41.4113 -33.9479 30.7662 -33.0244 -21.9939 32.6756 -19.8941 -11.2317 29.5477 -10.4074 3.95074 30.9292 0.305553 -0.994775 31.3094 17.0861 -5.07849 33.7648 27.6747 -16.7121 33.7182 31.8979 -22.8548 31.5932 44.1376 -35.451 32.7329 50.2716 -37.5997 29.8541 -54.2443 -40.5554 16.0981 -41.8231 -32.3401 15.5362 -32.1507 -18.0706 15.9157 -20.6705 0.702141 15.3568 -10.963 8.86376 16.2796 0.305553 14.4062 17.6796 13.9179 10.379 14.1959 27.4133 -11.0368 17.5289 28.3507 -20.3994 13.9367 42.256 -31.5978 15.6948 51.235 -38.3355 15.2224 -49.1725 -36.7143 3.66607e-14 -38.1265 -27.9214 3.76671e-14 -32.9512 -12.1004 3.92793e-14 -22.6397 7.18542 4.06433e-14 -11.8514 17.936 4.21569e-14 4.9949e-15 3.53229 4.60992e-14 14.7156 2.445 4.63724e-14 23.9376 2.35695 4.62539e-14 33.4793 -18.8136 4.68825e-14 41.3809 -31.2757 4.72515e-14 51.4459 -38.4956 4.83483e-14 -50.4912 -37.7631 -14.9917 -38.8466 -29.3017 -14.3671 -33.5698 -12.8804 -16.5722 -21.3921 -4.74487 -15.8884 -10.9944 8.75221 -16.3252 3.91179e-16 2.92936 -16.6362 9.66138 -8.96449 -14.334 20.3163 -10.6587 -15.0891 33.7559 -19.8435 -16.6529 43.0016 -34.5855 -15.9615 49.8652 -37.2739 -14.7928 -50.3315 -37.6459 -29.8913 -43.9348 -35.6438 -32.5913 -30.8602 -24.1698 -30.5683 -20.5249 -17.7974 -30.4965 -11.2607 -6.98368 -33.4513 -5.90365 3.89545 -29.598 5.2991 -11.3163 -31.999 21.4111 -14.3893 -31.8099 32.7994 -27.2573 -32.4594 42.6461 -36.6273 -31.6747 51.1176 -38.2479 -30.3753 -53.631 -40.1244 -47.7962 -42.8335 -36.942 -47.7217 -30.8423 -29.6618 -45.8269 -20.8786 -24.4625 -46.5358 -10.5986 -14.9168 -47.2453 2.64221 -8.63844 -54.3068 13.3215 -9.72305 -53.1895 21.7655 -25.8922 -48.4964 30.3561 -31.5322 -45.0955 43.2212 -38.1949 -48.1429 50.9258 -38.1044 -45.3919 -50.068 -37.4558 -59.4867 -40.7626 -36.7798 -60.562 -30.3346 -35.0855 -60.0886 -21.0806 -33.6833 -62.6468 -10.5391 -32.4086 -62.6403 -7.52918e-17 -34.4949 -61.038 10.6441 -36.5994 -63.2612 20.9252 -35.1508 -62.1861 31.8386 -36.6501 -63.075 40.6738 -36.8646 -60.4283 52.7982 -39.5101 -62.7593 -52.1365 -39.0165 -77.4704 -41.0663 -38.4142 -76.2732 -30.6193 -38.189 -75.8247 -21.3676 -39.9755 -79.3701 -10.1069 -37.8173 -75.0829 5.93586e-17 -39.4279 -78.2865 10.1311 -37.9079 -75.2638 20.8899 -39.0825 -77.6016 31.7658 -39.6194 -78.6657 41.9291 -39.2221 -77.8785 51.1287 -38.2602 -75.9667</float_array>
                    <technique_common>
                        <accessor count="121" source="#ID171" stride="3">
                            <param name="X" type="float"/>
                            <param name="Y" type="float"/>
                            <param name="Z" type="float"/>
                        </accessor>
                    </technique_common>
                </source>
                <source id="ID172">
                    <float_array id="ID173" count="354">-0.0486837 0.99773 0.0465176 -0.143792 0.988111 0.0544131 -0.17133 0.976446 0.131148 -0.0765554 0.99095 0.110258 -0.266126 0.91961 0.288952 -0.166173 0.945843 0.278867 -0.395942 0.803113 0.44524 -0.262977 0.823094 0.503347 -0.190084 0.768639 0.610788 -0.0806704 0.686332 0.722801 0.236261 0.76114 0.604026 0.198785 0.708093 0.677561 0.276704 0.816763 0.506294 0.158626 0.871578 0.463885 0.208734 0.894565 0.395201 0.0847842 0.954283 0.28663 0.271704 0.927487 0.256797 0.109412 0.973002 0.203216 0.184467 0.955816 -0.228883 0.0454221 0.981154 -0.187812 0.0194325 0.987205 -0.15827 0.155519 0.976652 -0.148202 0.168053 0.782699 -0.599284 0.0206077 0.98194 -0.188069 0.0291117 0.979646 -0.198611 0.256794 0.875092 -0.410209 -0.312746 0.948322 0.0536307 -0.391885 0.906594 0.156568 -0.452612 0.820252 0.349755 -0.527401 0.708829 0.468411 -0.314683 0.748256 0.584027 0.189922 0.760046 0.621499 0.367833 0.69305 0.619985 0.440009 0.697135 0.566034 0.49371 0.791772 0.359649 0.399221 0.895014 0.198929 0.328249 0.936519 0.123227 -0.440406 0.896514 0.0480047 -0.598027 0.793118 0.115443 -0.656071 0.685301 0.316123 -0.619573 0.631228 0.466563 -0.384899 0.703148 0.59786 0.0876761 0.740571 0.666234 0.436429 0.670161 0.600345 0.736426 0.552509 0.390397 0.744297 0.630546 0.220075 0.508301 0.850148 0.137395 0.357156 0.927391 0.111294 0.240734 0.954363 0.176746 -0.540216 0.840051 0.0498127 -0.722015 0.689122 0.0616811 -0.820187 0.538055 0.194396 -0.721523 0.596297 0.351901 -0.342649 0.872226 0.349018 0.147074 0.973827 0.173291 0.460523 0.883889 0.0815989 0.839155 0.536616 0.0886758 0.856257 0.505342 0.10702 0.622223 0.780559 0.0597127 0.530853 0.847274 0.0179622 -0.595815 0.803029 0.0121804 -0.790869 0.611447 0.0256536 -0.873479 0.485781 0.0324403 -0.765636 0.643269 0.00274257 -0.721193 0.692356 -0.022901 0.454704 0.87081 -0.186909 0.378326 0.868357 -0.320664 0.288293 0.854143 -0.432812 0.649219 0.711216 -0.269604 0.853784 0.520596 0.00566668 0.679367 0.733602 0.0169941 0.540716 0.840217 -0.0407572 -0.527414 0.848597 -0.0414423 -0.742606 0.665055 -0.0789811 -0.768696 0.575449 -0.27922 -0.644562 0.62191 -0.444711 -0.287205 0.836446 -0.466766 0.455256 0.819811 -0.34735 0.385012 0.832188 -0.399036 0.415121 0.821105 -0.391742 0.748522 0.625556 -0.219989 0.623999 0.774456 -0.104133 0.390203 0.917495 -0.0771032 -0.378138 0.922656 -0.0756166 -0.551773 0.820472 -0.149574 -0.585963 0.729902 -0.35198 -0.593258 0.672666 -0.442228 -0.580073 0.690848 -0.43156 0.155758 0.915767 -0.370283 0.530291 0.830819 -0.168911 0.522069 0.81508 -0.251175 0.652467 0.707162 -0.272412 0.445725 0.88324 -0.14566 0.197621 0.978309 -0.0621054 -0.23981 0.970818 -0.00191071 -0.344118 0.934148 -0.0946035 -0.427254 0.86187 -0.273194 -0.478472 0.775476 -0.411947 -0.488218 0.650942 -0.581307 -0.29031 0.507898 -0.811024 0.54075 0.840019 -0.0442442 0.481771 0.689336 -0.541028 0.554343 0.712303 -0.430497 0.467984 0.835087 -0.289172 0.318312 0.938741 -0.13207 0.104857 0.993527 -0.0436939 -0.116419 0.993199 -0.00122711 -0.158817 0.98387 -0.0823234 -0.202216 0.946208 -0.252586 -0.20919 0.885027 -0.415893 -0.123576 0.816248 -0.56433 -0.000526655 0.759155 -0.650909 0.0894764 0.959622 -0.266683 -0.064579 0.993721 -0.0913687 -0.0739886 0.990142 -0.118933 -0.0719093 0.975175 -0.209432 -0.0690804 0.943496 -0.324104 0.023239 0.933653 -0.357424</float_array>
                    <technique_common>
                        <accessor count="118" source="#ID173" stride="3">
                            <param name="X" type="float"/>
                            <param name="Y" type="float"/>
                            <param name="Z" type="float"/>
                        </accessor>
                    </technique_common>
                </source>
                <source id="ID174">
                    <float_array id="ID175" count="232">0 0 0 0.1 0.1 0.1 0.1 0 0.2 0.1 0.2 0 0.3 0.1 0.3 0 0.4 0.1 0.4 0 0.5 0.1 0.5 0 0.6 0.1 0.6 0 0.7 0.1 0.7 0 0.8 0.1 0.8 0 0.8 0.9 0.8 1 0.9 1 0.9 0.9 0.6 0.9 0.6 1 0.7 1 0.7 0.9 0 0.2 0.1 0.2 0.2 0.2 0.3 0.2 0.4 0.2 0.5 0.2 0.6 0.2 0.7 0.2 0.8 0.2 0.9 0.2 0.9 0.1 0 0.3 0.1 0.3 0.2 0.3 0.3 0.3 0.4 0.3 0.5 0.3 0.6 0.3 0.7 0.3 0.8 0.3 0.9 0.3 1 0.3 1 0.2 0 0.4 0.1 0.4 0.2 0.4 0.3 0.4 0.4 0.4 0.5 0.4 0.6 0.4 0.7 0.4 0.8 0.4 0.9 0.4 1 0.4 0 0.5 0.1 0.5 0.2 0.5 0.3 0.5 0.4 0.5 0.5 0.5 0.6 0.5 0.7 0.5 0.8 0.5 0.9 0.5 1 0.5 0 0.6 0.1 0.6 0.2 0.6 0.3 0.6 0.4 0.6 0.5 0.6 0.6 0.6 0.7 0.6 0.8 0.6 0.9 0.6 1 0.6 0 0.7 0.1 0.7 0.2 0.7 0.3 0.7 0.4 0.7 0.5 0.7 0.6 0.7 0.7 0.7 0.8 0.7 0.9 0.7 1 0.7 0 0.8 0.1 0.8 0.2 0.8 0.3 0.8 0.4 0.8 0.5 0.8 0.6 0.8 0.7 0.8 0.8 0.8 0.9 0.8 1 0.8 0 0.9 0.1 0.9 0.2 0.9 0.3 0.9 0.4 0.9 0.5 0.9 0.5 1 0 1 0.1 1 0.2 1 0.3 1 0.4 1</float_array>
                    <technique_common>
                        <accessor count="116" source="#ID175" stride="2">
                            <param name="S" type="float"/>
                            <param name="T" type="float"/>
                        </accessor>
                    </technique_common>
                </source>
                <vertices id="ID176">
                    <input semantic="POSITION" source="#ID170"/>
                </vertices>
                <polylist count="95" material="Material1">
                    <input offset="0" semantic="VERTEX" source="#ID176"/>
                    <input offset="1" semantic="NORMAL" source="#ID172"/>
                    <input offset="2" semantic="TEXCOORD" source="#ID174" set="0"/>
                    <vcount>4 4 4 4 4 4 4 4 4 4 4 4 4 4 4 4 4 4 4 4 4 4 4 4 4 4 4 4 4 4 4 4 4 4 4 4 4 4 4 4 4 4 4 4 4 4 4 4 4 4 4 4 4 4 4 4 4 4 4 4 4 4 4 4 4 4 4 4 4 4 4 4 4 4 4 4 4 4 4 4 4 4 4 4 4 4 4 4 4 4 4 4 4 4 4</vcount>
                    <p>1 3 3 12 2 2 11 1 1 0 0 0 2 5 5 13 4 4 12 2 2 1 3 3 3 7 7 14 6 6 13 4 4 2 5 5 4 9 9 15 8 8 14 6 6 3 7 7 5 11 11 16 10 10 15 8 8 4 9 9 6 13 13 17 12 12 16 10 10 5 11 11 7 15 15 18 14 14 17 12 12 6 13 13 8 17 17 19 16 16 18 14 14 7 15 15 108 21 21 119 20 20 118 19 19 107 18 18 106 25 25 117 24 24 116 23 23 105 22 22 12 2 2 23 27 27 22 26 26 11 1 1 13 4 4 24 28 28 23 27 27 12 2 2 14 6 6 25 29 29 24 28 28 13 4 4 15 8 8 26 30 30 25 29 29 14 6 6 16 10 10 27 31 31 26 30 30 15 8 8 17 12 12 28 32 32 27 31 31 16 10 10 18 14 14 29 33 33 28 32 32 17 12 12 19 16 16 30 34 34 29 33 33 18 14 14 20 36 36 31 35 35 30 34 34 19 16 16 107 18 18 118 19 19 117 24 24 106 25 25 23 27 27 34 38 38 33 37 37 22 26 26 24 28 28 35 39 39 34 38 38 23 27 27 25 29 29 36 40 40 35 39 39 24 28 28 26 30 30 37 41 41 36 40 40 25 29 29 27 31 31 38 42 42 37 41 41 26 30 30 28 32 32 39 43 43 38 42 42 27 31 31 29 33 33 40 44 44 39 43 43 28 32 32 30 34 34 41 45 45 40 44 44 29 33 33 31 35 35 42 46 46 41 45 45 30 34 34 32 48 48 43 47 47 42 46 46 31 35 35 34 38 38 45 50 50 44 49 49 33 37 37 35 39 39 46 51 51 45 50 50 34 38 38 36 40 40 47 52 52 46 51 51 35 39 39 37 41 41 48 53 53 47 52 52 36 40 40 38 42 42 49 54 54 48 53 53 37 41 41 39 43 43 50 55 55 49 54 54 38 42 42 40 44 44 51 56 56 50 55 55 39 43 43 41 45 45 52 57 57 51 56 56 40 44 44 42 46 46 53 58 58 52 57 57 41 45 45 43 47 47 54 59 59 53 58 58 42 46 46 45 50 50 56 61 61 55 60 60 44 49 49 46 51 51 57 62 62 56 61 61 45 50 50 47 52 52 58 63 63 57 62 62 46 51 51 48 53 53 59 64 64 58 63 63 47 52 52 49 54 54 60 66 65 59 65 64 48 53 53 50 55 55 61 67 66 60 66 65 49 54 54 51 56 56 62 68 67 61 67 66 50 55 55 52 57 57 63 69 68 62 68 67 51 56 56 53 58 58 64 70 69 63 69 68 52 57 57 54 59 59 65 71 70 64 70 69 53 58 58 56 61 61 67 73 72 66 72 71 55 60 60 57 62 62 68 74 73 67 73 72 56 61 61 58 63 63 69 75 74 68 74 73 57 62 62 59 64 64 70 76 75 69 75 74 58 63 63 60 66 65 71 77 76 70 76 75 59 65 64 61 67 66 72 78 77 71 77 76 60 66 65 62 68 67 73 79 78 72 78 77 61 67 66 63 69 68 74 80 79 73 79 78 62 68 67 64 70 69 75 81 80 74 80 79 63 69 68 65 71 70 76 82 81 75 81 80 64 70 69 67 73 72 78 84 83 77 83 82 66 72 71 68 74 73 79 85 84 78 84 83 67 73 72 69 75 74 80 86 85 79 85 84 68 74 73 70 76 75 81 87 86 80 86 85 69 75 74 71 77 76 82 88 87 81 87 86 70 76 75 72 78 77 83 89 88 82 88 87 71 77 76 73 79 78 84 90 89 83 89 88 72 78 77 74 80 79 85 91 90 84 90 89 73 79 78 75 81 80 86 92 91 85 91 90 74 80 79 76 82 81 87 93 92 86 92 91 75 81 80 78 84 83 89 95 94 88 94 93 77 83 82 79 85 84 90 96 95 89 95 94 78 84 83 80 86 85 91 97 96 90 96 95 79 85 84 81 87 86 92 98 97 91 97 96 80 86 85 82 88 87 93 99 98 92 98 97 81 87 86 83 89 88 94 101 99 93 100 98 82 88 87 84 90 89 95 102 100 94 101 99 83 89 88 85 91 90 96 103 101 95 102 100 84 90 89 86 92 91 97 104 102 96 103 101 85 91 90 87 93 92 98 105 103 97 104 102 86 92 91 89 95 94 100 107 105 99 106 104 88 94 93 90 96 95 101 108 106 100 107 105 89 95 94 91 97 96 102 109 107 101 108 106 90 96 95 92 98 97 103 110 108 102 109 107 91 97 96 93 99 98 104 111 109 103 110 108 92 98 97 94 101 99 105 22 22 104 111 109 93 99 98 95 102 100 106 25 25 105 22 22 94 101 99 96 103 101 107 18 18 106 25 25 95 102 100 97 104 102 108 21 21 107 18 18 96 103 101 105 22 22 116 23 23 115 112 110 104 111 109 100 107 105 111 114 112 110 113 111 99 106 104 101 108 106 112 115 113 111 114 112 100 107 105 102 109 107 113 116 114 112 115 113 101 108 106 103 110 108 114 117 115 113 116 114 102 109 107 104 111 109 115 112 110 114 117 115 103 110 108</p>
                </polylist>
            </mesh>
        </geometry>
        <geometry id="ID178">
            <mesh>
                <source id="ID179">
                    <float_array id="ID180" count="168">2.17504 1.26926 0.135962 1.83038 1.86623 0.135959 1.83038 1.86623 1.61583 2.17504 1.26926 1.61583 0.170942 0.631431 8.15781 -0.51838 0.631431 3.26312 -0.51838 0.631431 10.7254 0.170942 0.631431 10.7254 -0.86304 0.0344618 3.26312 -0.86304 0.0344618 10.7254 -0.51838 -0.562509 3.26312 -0.51838 -0.562509 10.7254 0.170942 -0.562509 3.26312 0.170942 -0.562509 10.7254 0.515602 0.0344618 8.15781 0.515602 0.0344618 10.7254 0.243358 0.756861 15.4684 0.660436 0.0344618 15.4684 -0.590797 0.756861 15.4684 -1.00788 0.0344618 15.4684 -0.590797 -0.687937 15.4684 0.243358 -0.687937 15.4684 0.300233 0.855371 21.2991 0.774184 0.0344618 21.2991 -0.647671 0.855371 21.2991 -1.12162 0.0344618 21.2991 -0.647671 -0.786447 21.2991 0.300233 -0.786447 21.2991 -0.17372 0.0344618 3.26312 -0.17372 0.0344618 21.2991 0.0708284 0.0592451 -6.2419 0.821067 -2.09575 -4.88586 -1.7332 -1.76888 -4.28964 -2.66089 -0.573324 -3.65551 -1.64985 2.10255 -4.595 -0.368349 3.30225 -3.81943 2.48075 2.38501 -3.71998 3.49024 -0.198973 -5.0177 2.49061 -1.74576 -4.56386 0.274444 -3.85512 0.120344 -1.994 -2.90565 -0.281038 -4.47574 0.575677 -1.45905 -2.33394 3.52922 -0.091147 -0.0597378 3.88417 -0.982911 4.44207 2.64892 0.612767 3.98079 -1.34642 -2.58143 2.72743 -2.6276 0.133658 -0.317708 -3.00705 4.82084 -3.06103 -1.81191 4.20965 -4.61894 0.0592451 2.84969 -2.71544 1.88737 5.59593 -0.0594898 3.07496 4.82084 2.97924 3.65939 3.66774 3.93401 0.446567 2.38655 2.06987 -1.76888 4.83535 0.239112 0.0592435 5.9245</float_array>
                    <technique_common>
                        <accessor count="56" source="#ID180" stride="3">
                            <param name="X" type="float"/>
                            <param name="Y" type="float"/>
                            <param name="Z" type="float"/>
                        </accessor>
                    </technique_common>
                </source>
                <source id="ID181">
                    <float_array id="ID182" count="168">0.708648 0.696873 0.110389 -0.579958 0.805259 -0.123316 0.579006 -0.685601 -0.441252 0.975518 -0.207136 0.073886 -0.499913 0.865941 -0.0152639 -0.303739 0.869135 -0.390317 -0.186841 0.950489 -0.248318 0.0919691 0.995447 0.0250489 -0.999883 3.39215e-05 -0.0152639 -0.78335 -0.150755 -0.603023 -0.499971 -0.865907 -0.0152637 -0.261117 -0.753778 -0.603023 0.499913 -0.865941 -0.0152637 0.810115 -0.470018 -0.350423 0.997303 -0.0492846 0.0543752 0.869559 -0.472068 -0.144981 0.499826 0.865764 -0.0250142 0.999687 2.00154e-05 -0.0250141 -0.49986 0.865745 -0.0250142 -0.999687 -2.00613e-05 -0.0250142 -0.499826 -0.865764 -0.0250141 0.499861 -0.865744 -0.025014 0.527023 0.608554 0.593219 0.790535 -0.152139 0.593219 -0.263512 0.760693 0.593219 -0.790535 0.152139 0.593219 -0.527023 -0.608554 0.593219 0.263512 -0.760693 0.593219 0.574108 0.331462 -0.748687 0 0 1 -0.592935 -0.586481 -0.551786 -0.0528289 -0.827241 -0.559359 -0.0945004 0.0219104 -0.995284 -0.776338 0.0863483 -0.624374 -0.617395 0.596965 -0.512304 0.0318012 0.877088 -0.479276 0.612473 0.611115 -0.501413 0.689914 -0.297966 -0.659723 0.453146 -0.7224 -0.522299 -0.565795 -0.811023 -0.148721 -0.00035612 -0.997498 -0.0706892 -0.95656 0.0562796 -0.286051 -0.557218 0.817905 -0.143317 -0.0933757 0.991167 -0.0941729 0.778889 0.617572 -0.109259 0.951343 -0.296934 -0.08232 0.554605 -0.831795 -0.0230271 -0.601624 -0.634929 0.484679 0.0812834 -0.807751 0.583893 -0.879485 -0.266443 0.394353 -0.623867 0.537355 0.567485 -0.0439422 0.836586 0.54607 0.559193 0.627786 0.541468 0.887178 -0.087759 0.453005 0.713896 -0.456712 0.530817 0.0962486 -0.0277007 0.994972</float_array>
                    <technique_common>
                        <accessor count="56" source="#ID182" stride="3">
                            <param name="X" type="float"/>
                            <param name="Y" type="float"/>
                            <param name="Z" type="float"/>
                        </accessor>
                    </technique_common>
                </source>
                <source id="ID183">
                    <float_array id="ID184" count="126">0.904008 0.738542 0.981876 0.768352 0.984617 0.682564 0.91589 0.662606 0.741566 0.528248 0.723399 0.586743 0.756661 0.536919 0.755091 0.528273 0.734837 0.500912 0.703036 0.502789 0.741566 0.473569 0.723399 0.418614 0.755091 0.473546 0.766143 0.41792 0.761838 0.500914 0.765472 0.501194 0.754536 0.523717 0.760227 0.500637 0.743134 0.523704 0.737453 0.500636 0.743134 0.477565 0.754536 0.477553 0.75387 0.519578 0.758583 0.500464 0.744433 0.519572 0.739725 0.500464 0.744433 0.481354 0.75387 0.481348 0.744676 0.502914 0.749151 0.500465 0.328138 0.328328 0.209764 0.310028 0.244407 0.503676 0.374022 0.440843 0.320264 0.687672 0.266283 0.803048 0.127533 0.705156 0.125887 0.484379 0.143969 0.353986 0.492396 0.162009 0.917223 0.0292977 0.465423 0.546218 0.503565 0.84096 0.242565 0.957087 0.979923 0.689078 1.24257 0.957087 1.26628 0.803048 1.12753 0.705156 1.06643 0.390583 0.0664252 0.390583 0.987718 0.235537 1.12589 0.484379 1.14397 0.353986 1.20976 0.310028 0.632172 0.3562 0.740173 0.257811 0.573095 0.503297 0.662482 0.630925 0.751242 0.744519 0.880858 0.753021 0.92991 0.536053 0.833684 0.356117 0.761487 0.503669</float_array>
                    <technique_common>
                        <accessor count="63" source="#ID184" stride="2">
                            <param name="S" type="float"/>
                            <param name="T" type="float"/>
                        </accessor>
                    </technique_common>
                </source>
                <vertices id="ID185">
                    <input semantic="POSITION" source="#ID179"/>
                </vertices>
                <polylist count="56" material="Material1">
                    <input offset="0" semantic="VERTEX" source="#ID185"/>
                    <input offset="1" semantic="NORMAL" source="#ID181"/>
                    <input offset="2" semantic="TEXCOORD" source="#ID183" set="0"/>
                    <vcount>3 3 3 3 3 3 3 3 3 3 3 3 3 3 3 3 3 3 3 3 3 3 3 3 3 3 3 3 3 3 3 3 3 3 3 3 3 3 3 3 3 3 3 3 3 3 3 3 3 3 3 3 3 3 3 3</vcount>
                    <p>0 2 2 1 1 1 2 0 0 0 2 2 2 0 0 3 3 3 4 6 6 5 5 5 6 4 4 4 6 6 6 4 4 7 7 7 5 5 5 8 9 9 9 8 8 5 5 5 9 8 8 6 4 4 8 9 9 10 11 11 11 10 10 8 9 9 11 10 10 9 8 8 10 11 11 12 13 13 13 12 12 10 11 11 13 12 12 11 10 10 12 13 13 14 15 15 15 14 14 12 13 13 15 14 14 13 12 12 15 14 14 7 7 7 16 16 16 15 14 14 16 16 16 17 17 17 7 7 7 6 4 4 18 18 18 7 7 7 18 18 18 16 16 16 6 4 4 9 8 8 19 19 19 6 4 4 19 19 19 18 18 18 9 8 8 11 10 10 20 20 20 9 8 8 20 20 20 19 19 19 11 10 10 13 12 12 21 21 21 11 10 10 21 21 21 20 20 20 13 12 12 15 14 14 17 17 17 13 12 12 17 17 17 21 21 21 17 17 17 16 16 16 22 22 22 17 17 17 22 22 22 23 23 23 16 16 16 18 18 18 24 24 24 16 16 16 24 24 24 22 22 22 18 18 18 19 19 19 25 25 25 18 18 18 25 25 25 24 24 24 19 19 19 20 20 20 26 26 26 19 19 19 26 26 26 25 25 25 20 20 20 21 21 21 27 27 27 20 20 20 27 27 27 26 26 26 21 21 21 17 17 17 23 23 23 21 21 21 23 23 23 27 27 27 4 6 6 14 15 15 28 28 28 5 5 5 4 6 6 28 28 28 8 9 9 5 5 5 28 28 28 10 11 11 8 9 9 28 28 28 12 13 13 10 11 11 28 28 28 14 15 15 12 13 13 28 28 28 23 23 23 22 22 22 29 29 29 22 22 22 24 24 24 29 29 29 24 24 24 25 25 25 29 29 29 25 25 25 26 26 26 29 29 29 26 26 26 27 27 27 29 29 29 27 27 27 23 23 23 29 29 29 0 2 2 14 15 15 4 6 6 4 6 6 1 1 1 0 2 2 1 1 1 4 6 6 7 7 7 7 7 7 2 0 0 1 1 1 2 0 0 7 7 7 15 14 14 15 14 14 3 3 3 2 0 0 3 3 3 15 14 14 14 15 15 14 15 15 0 2 2 3 3 3</p>
                </polylist>
                <polylist count="48" material="Material2">
                    <input offset="0" semantic="VERTEX" source="#ID185"/>
                    <input offset="1" semantic="NORMAL" source="#ID181"/>
                    <input offset="2" semantic="TEXCOORD" source="#ID183" set="0"/>
                    <vcount>3 3 3 3 3 3 3 3 3 3 3 3 3 3 3 3 3 3 3 3 3 3 3 3 3 3 3 3 3 3 3 3 3 3 3 3 3 3 3 3 3 3 3 3 3 3 3 3</vcount>
                    <p>30 32 32 31 31 31 32 30 30 30 32 32 32 30 30 33 33 33 30 32 32 33 33 33 34 34 34 30 32 32 34 34 34 35 35 35 30 32 32 35 35 35 36 36 36 30 32 32 36 36 36 37 37 37 30 32 32 37 37 37 38 38 38 30 32 32 38 38 38 31 31 31 31 31 31 39 40 40 40 39 39 31 31 31 40 39 39 32 30 30 32 30 30 40 39 39 41 41 41 32 30 30 41 41 41 33 33 33 33 33 33 41 41 41 42 42 42 33 33 33 42 42 42 34 34 34 34 34 34 42 42 42 43 43 43 34 34 34 43 43 43 35 35 35 35 35 46 43 43 45 44 44 44 35 35 46 44 44 44 36 36 47 36 36 47 44 44 44 45 45 48 36 36 36 45 45 49 37 37 37 37 37 51 45 45 48 46 46 50 37 37 51 46 46 50 38 38 52 38 38 52 46 46 50 39 40 40 38 38 52 39 40 40 31 31 53 39 40 40 47 48 55 48 47 54 39 40 40 48 47 54 40 39 39 40 39 39 48 47 54 49 49 56 40 39 39 49 49 56 41 41 41 41 41 41 49 49 56 50 50 57 41 41 41 50 50 57 42 42 42 42 42 42 50 50 57 51 51 58 42 42 42 51 51 58 43 43 45 43 43 45 51 51 58 52 52 59 43 43 45 52 52 59 44 44 44 44 44 44 52 52 59 53 53 60 44 44 44 53 53 60 45 45 48 45 45 48 53 53 60 54 54 61 45 45 48 54 54 61 46 46 50 46 46 50 54 54 61 47 48 55 46 46 50 47 48 55 39 40 40 55 55 62 54 54 61 53 53 60 55 55 62 53 53 60 52 52 59 55 55 62 52 52 59 51 51 58 55 55 62 51 51 58 50 50 57 55 55 62 50 50 57 49 49 56 55 55 62 49 49 56 48 47 54 55 55 62 48 47 54 47 48 55 55 55 62 47 48 55 54 54 61</p>
                </polylist>
            </mesh>
        </geometry>
        <geometry id="ID187">
            <mesh>
                <source id="ID188">
                    <float_array id="ID189" count="168">2.17504 1.26926 0.0747781 1.83038 1.86623 0.0747765 1.83038 1.86623 0.888691 2.17504 1.26926 0.888691 0.170942 0.631431 4.48673 -0.51838 0.631431 1.79469 -0.51838 0.631431 5.89887 0.170942 0.631431 5.89887 -0.86304 0.0344618 1.79469 -0.86304 0.0344618 5.89887 -0.51838 -0.562509 1.79469 -0.51838 -0.562509 5.89887 0.170942 -0.562509 1.79469 0.170942 -0.562509 5.89887 0.515602 0.0344618 4.48673 0.515602 0.0344618 5.89887 0.243358 0.756861 8.50747 0.660436 0.0344618 8.50747 -0.590797 0.756861 8.50747 -1.00788 0.0344618 8.50747 -0.590797 -0.687937 8.50747 0.243358 -0.687937 8.50747 0.300233 0.855371 11.7143 0.774184 0.0344618 11.7143 -0.647671 0.855371 11.7143 -1.12162 0.0344618 11.7143 -0.647671 -0.786447 11.7143 0.300233 -0.786447 11.7143 -0.17372 0.0344618 1.79469 -0.17372 0.0344618 11.7143 0.0708284 0.0592451 -3.43299 0.821067 -2.09575 -2.68718 -1.7332 -1.76888 -2.35927 -2.66089 -0.573324 -2.0105 -1.64985 2.10255 -2.52721 -0.368349 3.30225 -2.10066 2.48075 2.38501 -2.04596 3.49024 -0.198973 -2.75969 2.49061 -1.74576 -2.51008 0.274444 -3.85512 0.066188 -1.994 -2.90565 -0.154569 -4.47574 0.575677 -0.802468 -2.33394 3.52922 -0.0501301 -0.0597378 3.88417 -0.540593 4.44207 2.64892 0.337017 3.98079 -1.34642 -1.41977 2.72743 -2.6276 0.0735109 -0.317708 -3.00705 2.65142 -3.06103 -1.81191 2.31527 -4.61894 0.0592451 1.5673 -2.71544 1.88737 3.07772 -0.0594898 3.07496 2.65142 2.97924 3.65939 2.01723 3.93401 0.446567 1.31258 2.06987 -1.76888 2.6594 0.239112 0.0592435 3.25842</float_array>
                    <technique_common>
                        <accessor count="56" source="#ID189" stride="3">
                            <param name="X" type="float"/>
                            <param name="Y" type="float"/>
                            <param name="Z" type="float"/>
                        </accessor>
                    </technique_common>
                </source>
                <source id="ID190">
                    <float_array id="ID191" count="168">0.695143 0.692569 0.192679 -0.546766 0.811196 -0.207383 0.56703 -0.529617 -0.630858 0.967679 -0.217098 0.128317 -0.499711 0.865748 -0.0277343 -0.304866 0.855607 -0.418321 -0.149775 0.903408 -0.401774 0.0845123 0.995533 0.042103 -0.999615 0.000111335 -0.0277343 -0.78335 -0.150755 -0.603023 -0.499904 -0.865636 -0.0277339 -0.261117 -0.753778 -0.603023 0.499712 -0.865748 -0.0277339 0.798905 -0.468598 -0.377051 0.993946 -0.0575063 0.0936178 0.855146 -0.455996 -0.246561 0.499426 0.865164 -0.0454458 0.998967 6.57769e-05 -0.0454457 -0.49954 0.865098 -0.0454458 -0.998967 -6.58228e-05 -0.0454459 -0.499427 -0.865163 -0.0454458 0.49954 -0.865098 -0.0454455 0.530908 0.613039 0.585081 0.796362 -0.15326 0.585081 -0.265454 0.766299 0.585081 -0.796361 0.15326 0.585081 -0.530907 -0.61304 0.585081 0.265454 -0.766299 0.585081 0.542046 0.312951 -0.779902 0 0 1 -0.472296 -0.486039 -0.735325 -0.0485384 -0.680071 -0.731538 -0.0596763 0.015257 -0.998101 -0.592127 0.0652416 -0.803199 -0.531925 0.512002 -0.67447 0.0141184 0.770166 -0.637688 0.544577 0.512446 -0.663955 0.580561 -0.241199 -0.777671 0.398441 -0.624903 -0.671372 -0.560187 -0.788732 -0.253163 -0.00266986 -0.993436 -0.114362 -0.909734 0.0388341 -0.413372 -0.554695 0.808607 -0.196131 -0.0941446 0.982419 -0.161215 0.758808 0.620086 -0.199257 0.953775 -0.27921 -0.11115 0.565257 -0.824465 -0.0272274 -0.52444 -0.626094 0.577034 0.0843339 -0.707639 0.701523 -0.837031 -0.249188 0.487118 -0.553346 0.494919 0.669972 -0.0750105 0.745206 0.662602 0.439966 0.591009 0.676121 0.77126 -0.0996941 0.628665 0.61086 -0.410912 0.676757 0.0581923 -0.0199451 0.998106</float_array>
                    <technique_common>
                        <accessor count="56" source="#ID191" stride="3">
                            <param name="X" type="float"/>
                            <param name="Y" type="float"/>
                            <param name="Z" type="float"/>
                        </accessor>
                    </technique_common>
                </source>
                <source id="ID192">
                    <float_array id="ID193" count="126">0.904008 0.738542 0.981876 0.768352 0.984617 0.682564 0.91589 0.662606 0.741566 0.528248 0.723399 0.586743 0.756661 0.536919 0.755091 0.528273 0.734837 0.500912 0.703036 0.502789 0.741566 0.473569 0.723399 0.418614 0.755091 0.473546 0.766143 0.41792 0.761838 0.500914 0.765472 0.501194 0.754536 0.523717 0.760227 0.500637 0.743134 0.523704 0.737453 0.500636 0.743134 0.477565 0.754536 0.477553 0.75387 0.519578 0.758583 0.500464 0.744433 0.519572 0.739725 0.500464 0.744433 0.481354 0.75387 0.481348 0.744676 0.502914 0.749151 0.500465 0.328138 0.328328 0.209764 0.310028 0.244407 0.503676 0.374022 0.440843 0.320264 0.687672 0.266283 0.803048 0.127533 0.705156 0.125887 0.484379 0.143969 0.353986 0.492396 0.162009 0.917223 0.0292977 0.465423 0.546218 0.503565 0.84096 0.242565 0.957087 0.979923 0.689078 1.24257 0.957087 1.26628 0.803048 1.12753 0.705156 1.06643 0.390583 0.0664252 0.390583 0.987718 0.235537 1.12589 0.484379 1.14397 0.353986 1.20976 0.310028 0.632172 0.3562 0.740173 0.257811 0.573095 0.503297 0.662482 0.630925 0.751242 0.744519 0.880858 0.753021 0.92991 0.536053 0.833684 0.356117 0.761487 0.503669</float_array>
                    <technique_common>
                        <accessor count="63" source="#ID193" stride="2">
                            <param name="S" type="float"/>
                            <param name="T" type="float"/>
                        </accessor>
                    </technique_common>
                </source>
                <vertices id="ID194">
                    <input semantic="POSITION" source="#ID188"/>
                </vertices>
                <polylist count="56" material="Material1">
                    <input offset="0" semantic="VERTEX" source="#ID194"/>
                    <input offset="1" semantic="NORMAL" source="#ID190"/>
                    <input offset="2" semantic="TEXCOORD" source="#ID192" set="0"/>
                    <vcount>3 3 3 3 3 3 3 3 3 3 3 3 3 3 3 3 3 3 3 3 3 3 3 3 3 3 3 3 3 3 3 3 3 3 3 3 3 3 3 3 3 3 3 3 3 3 3 3 3 3 3 3 3 3 3 3</vcount>
                    <p>0 2 2 1 1 1 2 0 0 0 2 2 2 0 0 3 3 3 4 6 6 5 5 5 6 4 4 4 6 6 6 4 4 7 7 7 5 5 5 8 9 9 9 8 8 5 5 5 9 8 8 6 4 4 8 9 9 10 11 11 11 10 10 8 9 9 11 10 10 9 8 8 10 11 11 12 13 13 13 12 12 10 11 11 13 12 12 11 10 10 12 13 13 14 15 15 15 14 14 12 13 13 15 14 14 13 12 12 15 14 14 7 7 7 16 16 16 15 14 14 16 16 16 17 17 17 7 7 7 6 4 4 18 18 18 7 7 7 18 18 18 16 16 16 6 4 4 9 8 8 19 19 19 6 4 4 19 19 19 18 18 18 9 8 8 11 10 10 20 20 20 9 8 8 20 20 20 19 19 19 11 10 10 13 12 12 21 21 21 11 10 10 21 21 21 20 20 20 13 12 12 15 14 14 17 17 17 13 12 12 17 17 17 21 21 21 17 17 17 16 16 16 22 22 22 17 17 17 22 22 22 23 23 23 16 16 16 18 18 18 24 24 24 16 16 16 24 24 24 22 22 22 18 18 18 19 19 19 25 25 25 18 18 18 25 25 25 24 24 24 19 19 19 20 20 20 26 26 26 19 19 19 26 26 26 25 25 25 20 20 20 21 21 21 27 27 27 20 20 20 27 27 27 26 26 26 21 21 21 17 17 17 23 23 23 21 21 21 23 23 23 27 27 27 4 6 6 14 15 15 28 28 28 5 5 5 4 6 6 28 28 28 8 9 9 5 5 5 28 28 28 10 11 11 8 9 9 28 28 28 12 13 13 10 11 11 28 28 28 14 15 15 12 13 13 28 28 28 23 23 23 22 22 22 29 29 29 22 22 22 24 24 24 29 29 29 24 24 24 25 25 25 29 29 29 25 25 25 26 26 26 29 29 29 26 26 26 27 27 27 29 29 29 27 27 27 23 23 23 29 29 29 0 2 2 14 15 15 4 6 6 4 6 6 1 1 1 0 2 2 1 1 1 4 6 6 7 7 7 7 7 7 2 0 0 1 1 1 2 0 0 7 7 7 15 14 14 15 14 14 3 3 3 2 0 0 3 3 3 15 14 14 14 15 15 14 15 15 0 2 2 3 3 3</p>
                </polylist>
                <polylist count="48" material="Material2">
                    <input offset="0" semantic="VERTEX" source="#ID194"/>
                    <input offset="1" semantic="NORMAL" source="#ID190"/>
                    <input offset="2" semantic="TEXCOORD" source="#ID192" set="0"/>
                    <vcount>3 3 3 3 3 3 3 3 3 3 3 3 3 3 3 3 3 3 3 3 3 3 3 3 3 3 3 3 3 3 3 3 3 3 3 3 3 3 3 3 3 3 3 3 3 3 3 3</vcount>
                    <p>30 32 32 31 31 31 32 30 30 30 32 32 32 30 30 33 33 33 30 32 32 33 33 33 34 34 34 30 32 32 34 34 34 35 35 35 30 32 32 35 35 35 36 36 36 30 32 32 36 36 36 37 37 37 30 32 32 37 37 37 38 38 38 30 32 32 38 38 38 31 31 31 31 31 31 39 40 40 40 39 39 31 31 31 40 39 39 32 30 30 32 30 30 40 39 39 41 41 41 32 30 30 41 41 41 33 33 33 33 33 33 41 41 41 42 42 42 33 33 33 42 42 42 34 34 34 34 34 34 42 42 42 43 43 43 34 34 34 43 43 43 35 35 35 35 35 46 43 43 45 44 44 44 35 35 46 44 44 44 36 36 47 36 36 47 44 44 44 45 45 48 36 36 36 45 45 49 37 37 37 37 37 51 45 45 48 46 46 50 37 37 51 46 46 50 38 38 52 38 38 52 46 46 50 39 40 40 38 38 52 39 40 40 31 31 53 39 40 40 47 48 55 48 47 54 39 40 40 48 47 54 40 39 39 40 39 39 48 47 54 49 49 56 40 39 39 49 49 56 41 41 41 41 41 41 49 49 56 50 50 57 41 41 41 50 50 57 42 42 42 42 42 42 50 50 57 51 51 58 42 42 42 51 51 58 43 43 45 43 43 45 51 51 58 52 52 59 43 43 45 52 52 59 44 44 44 44 44 44 52 52 59 53 53 60 44 44 44 53 53 60 45 45 48 45 45 48 53 53 60 54 54 61 45 45 48 54 54 61 46 46 50 46 46 50 54 54 61 47 48 55 46 46 50 47 48 55 39 40 40 55 55 62 54 54 61 53 53 60 55 55 62 53 53 60 52 52 59 55 55 62 52 52 59 51 51 58 55 55 62 51 51 58 50 50 57 55 55 62 50 50 57 49 49 56 55 55 62 49 49 56 48 47 54 55 55 62 48 47 54 47 48 55 55 55 62 47 48 55 54 54 61</p>
                </polylist>
            </mesh>
        </geometry>
        <geometry id="ID196">
            <mesh>
                <source id="ID197">
                    <float_array id="ID198" count="168">2.93132 1.71059 0.100779 2.46682 2.51513 0.100777 2.46682 2.51513 1.1977 2.93132 1.71059 1.1977 0.23038 0.850985 6.0468 -0.698625 0.850985 2.41872 -0.698625 0.850985 7.94996 0.23038 0.850985 7.94996 -1.16313 0.0464445 2.41872 -1.16313 0.0464445 7.94996 -0.698625 -0.758098 2.41872 -0.698625 -0.758098 7.94996 0.23038 -0.758098 2.41872 0.23038 -0.758098 7.94996 0.694882 0.0464445 6.0468 0.694882 0.0464445 7.94996 0.327976 1.02003 11.4656 0.890075 0.0464445 11.4656 -0.796223 1.02003 11.4656 -1.35832 0.0464445 11.4656 -0.796223 -0.927139 11.4656 0.327976 -0.927139 11.4656 0.404627 1.15279 15.7875 1.04338 0.0464445 15.7875 -0.872872 1.15279 15.7875 -1.51162 0.0464445 15.7875 -0.872872 -1.0599 15.7875 0.404627 -1.0599 15.7875 -0.234123 0.0464445 2.41872 -0.234123 0.0464445 15.7875 0.0954561 0.0798452 -4.62668 1.10656 -2.82446 -3.62154 -2.33585 -2.38393 -3.1796 -3.5861 -0.772674 -2.70957 -2.22352 2.83362 -3.40595 -0.496427 4.45047 -2.83107 3.34333 3.2143 -2.75736 4.70383 -0.268158 -3.71926 3.35662 -2.35277 -3.38286 0.36987 -5.19558 0.0892022 -2.68733 -3.91597 -0.208313 -6.03199 0.775844 -1.08149 -3.14548 4.75636 -0.0675608 -0.0805092 5.23473 -0.728562 5.98662 3.56998 0.454201 5.36495 -1.81458 -1.91343 3.67579 -3.54124 0.0990714 -0.428178 -4.05263 3.57335 -4.12538 -2.44193 3.12031 -6.22498 0.0798452 2.11227 -3.65962 2.54362 4.14787 -0.080175 4.14415 3.57335 4.01514 4.93179 2.71864 5.30191 0.601843 1.76898 2.78958 -2.38393 3.5841 0.322254 0.079843 4.39141</float_array>
                    <technique_common>
                        <accessor count="56" source="#ID198" stride="3">
                            <param name="X" type="float"/>
                            <param name="Y" type="float"/>
                            <param name="Z" type="float"/>
                        </accessor>
                    </technique_common>
                </source>
                <source id="ID199">
                    <float_array id="ID200" count="168">0.695143 0.692569 0.192679 -0.546766 0.811196 -0.207383 0.56703 -0.529617 -0.630858 0.967679 -0.217098 0.128317 -0.499711 0.865748 -0.0277343 -0.304867 0.855607 -0.418321 -0.149775 0.903408 -0.401774 0.0845123 0.995533 0.042103 -0.999615 0.000111358 -0.0277343 -0.78335 -0.150755 -0.603023 -0.499904 -0.865636 -0.0277339 -0.261117 -0.753778 -0.603023 0.499712 -0.865748 -0.0277339 0.798905 -0.468598 -0.377051 0.993946 -0.0575063 0.0936179 0.855146 -0.455996 -0.246561 0.499426 0.865164 -0.0454458 0.998967 6.57769e-05 -0.0454457 -0.49954 0.865098 -0.0454458 -0.998967 -6.58171e-05 -0.0454459 -0.499427 -0.865163 -0.0454458 0.49954 -0.865098 -0.0454455 0.530908 0.613039 0.585081 0.796362 -0.15326 0.585081 -0.265454 0.766299 0.585081 -0.796361 0.15326 0.585081 -0.530907 -0.61304 0.585081 0.265454 -0.766299 0.585081 0.542046 0.312951 -0.779902 0 0 1 -0.472296 -0.486039 -0.735325 -0.0485384 -0.680071 -0.731538 -0.0596762 0.0152569 -0.998101 -0.592127 0.0652416 -0.803199 -0.531925 0.512002 -0.67447 0.0141184 0.770166 -0.637688 0.544577 0.512446 -0.663955 0.580561 -0.241199 -0.777671 0.398441 -0.624903 -0.671372 -0.560188 -0.788732 -0.253163 -0.0026699 -0.993436 -0.114362 -0.909734 0.038834 -0.413372 -0.554695 0.808607 -0.196131 -0.0941446 0.982419 -0.161215 0.758808 0.620086 -0.199257 0.953775 -0.27921 -0.11115 0.565257 -0.824465 -0.0272274 -0.52444 -0.626094 0.577034 0.0843339 -0.707639 0.701523 -0.837031 -0.249188 0.487118 -0.553346 0.494919 0.669972 -0.0750105 0.745206 0.662602 0.439966 0.591009 0.676121 0.77126 -0.0996941 0.628665 0.61086 -0.410912 0.676757 0.0581923 -0.0199451 0.998106</float_array>
                    <technique_common>
                        <accessor count="56" source="#ID200" stride="3">
                            <param name="X" type="float"/>
                            <param name="Y" type="float"/>
                            <param name="Z" type="float"/>
                        </accessor>
                    </technique_common>
                </source>
                <source id="ID201">
                    <float_array id="ID202" count="126">0.904008 0.738542 0.981876 0.768352 0.984617 0.682564 0.91589 0.662606 0.741566 0.528248 0.723399 0.586743 0.756661 0.536919 0.755091 0.528273 0.734837 0.500912 0.703036 0.502789 0.741566 0.473569 0.723399 0.418614 0.755091 0.473546 0.766143 0.41792 0.761838 0.500914 0.765472 0.501194 0.754536 0.523717 0.760227 0.500637 0.743134 0.523704 0.737453 0.500636 0.743134 0.477565 0.754536 0.477553 0.75387 0.519578 0.758583 0.500464 0.744433 0.519572 0.739725 0.500464 0.744433 0.481354 0.75387 0.481348 0.744676 0.502914 0.749151 0.500465 0.328138 0.328328 0.209764 0.310028 0.244407 0.503676 0.374022 0.440843 0.320264 0.687672 0.266283 0.803048 0.127533 0.705156 0.125887 0.484379 0.143969 0.353986 0.492396 0.162009 0.917223 0.0292977 0.465423 0.546218 0.503565 0.84096 0.242565 0.957087 0.979923 0.689078 1.24257 0.957087 1.26628 0.803048 1.12753 0.705156 1.06643 0.390583 0.0664252 0.390583 0.987718 0.235537 1.12589 0.484379 1.14397 0.353986 1.20976 0.310028 0.632172 0.3562 0.740173 0.257811 0.573095 0.503297 0.662482 0.630925 0.751242 0.744519 0.880858 0.753021 0.92991 0.536053 0.833684 0.356117 0.761487 0.503669</float_array>
                    <technique_common>
                        <accessor count="63" source="#ID202" stride="2">
                            <param name="S" type="float"/>
                            <param name="T" type="float"/>
                        </accessor>
                    </technique_common>
                </source>
                <vertices id="ID203">
                    <input semantic="POSITION" source="#ID197"/>
                </vertices>
                <polylist count="56" material="Material1">
                    <input offset="0" semantic="VERTEX" source="#ID203"/>
                    <input offset="1" semantic="NORMAL" source="#ID199"/>
                    <input offset="2" semantic="TEXCOORD" source="#ID201" set="0"/>
                    <vcount>3 3 3 3 3 3 3 3 3 3 3 3 3 3 3 3 3 3 3 3 3 3 3 3 3 3 3 3 3 3 3 3 3 3 3 3 3 3 3 3 3 3 3 3 3 3 3 3 3 3 3 3 3 3 3 3</vcount>
                    <p>0 2 2 1 1 1 2 0 0 0 2 2 2 0 0 3 3 3 4 6 6 5 5 5 6 4 4 4 6 6 6 4 4 7 7 7 5 5 5 8 9 9 9 8 8 5 5 5 9 8 8 6 4 4 8 9 9 10 11 11 11 10 10 8 9 9 11 10 10 9 8 8 10 11 11 12 13 13 13 12 12 10 11 11 13 12 12 11 10 10 12 13 13 14 15 15 15 14 14 12 13 13 15 14 14 13 12 12 15 14 14 7 7 7 16 16 16 15 14 14 16 16 16 17 17 17 7 7 7 6 4 4 18 18 18 7 7 7 18 18 18 16 16 16 6 4 4 9 8 8 19 19 19 6 4 4 19 19 19 18 18 18 9 8 8 11 10 10 20 20 20 9 8 8 20 20 20 19 19 19 11 10 10 13 12 12 21 21 21 11 10 10 21 21 21 20 20 20 13 12 12 15 14 14 17 17 17 13 12 12 17 17 17 21 21 21 17 17 17 16 16 16 22 22 22 17 17 17 22 22 22 23 23 23 16 16 16 18 18 18 24 24 24 16 16 16 24 24 24 22 22 22 18 18 18 19 19 19 25 25 25 18 18 18 25 25 25 24 24 24 19 19 19 20 20 20 26 26 26 19 19 19 26 26 26 25 25 25 20 20 20 21 21 21 27 27 27 20 20 20 27 27 27 26 26 26 21 21 21 17 17 17 23 23 23 21 21 21 23 23 23 27 27 27 4 6 6 14 15 15 28 28 28 5 5 5 4 6 6 28 28 28 8 9 9 5 5 5 28 28 28 10 11 11 8 9 9 28 28 28 12 13 13 10 11 11 28 28 28 14 15 15 12 13 13 28 28 28 23 23 23 22 22 22 29 29 29 22 22 22 24 24 24 29 29 29 24 24 24 25 25 25 29 29 29 25 25 25 26 26 26 29 29 29 26 26 26 27 27 27 29 29 29 27 27 27 23 23 23 29 29 29 0 2 2 14 15 15 4 6 6 4 6 6 1 1 1 0 2 2 1 1 1 4 6 6 7 7 7 7 7 7 2 0 0 1 1 1 2 0 0 7 7 7 15 14 14 15 14 14 3 3 3 2 0 0 3 3 3 15 14 14 14 15 15 14 15 15 0 2 2 3 3 3</p>
                </polylist>
                <polylist count="48" material="Material2">
                    <input offset="0" semantic="VERTEX" source="#ID203"/>
                    <input offset="1" semantic="NORMAL" source="#ID199"/>
                    <input offset="2" semantic="TEXCOORD" source="#ID201" set="0"/>
                    <vcount>3 3 3 3 3 3 3 3 3 3 3 3 3 3 3 3 3 3 3 3 3 3 3 3 3 3 3 3 3 3 3 3 3 3 3 3 3 3 3 3 3 3 3 3 3 3 3 3</vcount>
                    <p>30 32 32 31 31 31 32 30 30 30 32 32 32 30 30 33 33 33 30 32 32 33 33 33 34 34 34 30 32 32 34 34 34 35 35 35 30 32 32 35 35 35 36 36 36 30 32 32 36 36 36 37 37 37 30 32 32 37 37 37 38 38 38 30 32 32 38 38 38 31 31 31 31 31 31 39 40 40 40 39 39 31 31 31 40 39 39 32 30 30 32 30 30 40 39 39 41 41 41 32 30 30 41 41 41 33 33 33 33 33 33 41 41 41 42 42 42 33 33 33 42 42 42 34 34 34 34 34 34 42 42 42 43 43 43 34 34 34 43 43 43 35 35 35 35 35 46 43 43 45 44 44 44 35 35 46 44 44 44 36 36 47 36 36 47 44 44 44 45 45 48 36 36 36 45 45 49 37 37 37 37 37 51 45 45 48 46 46 50 37 37 51 46 46 50 38 38 52 38 38 52 46 46 50 39 40 40 38 38 52 39 40 40 31 31 53 39 40 40 47 48 55 48 47 54 39 40 40 48 47 54 40 39 39 40 39 39 48 47 54 49 49 56 40 39 39 49 49 56 41 41 41 41 41 41 49 49 56 50 50 57 41 41 41 50 50 57 42 42 42 42 42 42 50 50 57 51 51 58 42 42 42 51 51 58 43 43 45 43 43 45 51 51 58 52 52 59 43 43 45 52 52 59 44 44 44 44 44 44 52 52 59 53 53 60 44 44 44 53 53 60 45 45 48 45 45 48 53 53 60 54 54 61 45 45 48 54 54 61 46 46 50 46 46 50 54 54 61 47 48 55 46 46 50 47 48 55 39 40 40 55 55 62 54 54 61 53 53 60 55 55 62 53 53 60 52 52 59 55 55 62 52 52 59 51 51 58 55 55 62 51 51 58 50 50 57 55 55 62 50 50 57 49 49 56 55 55 62 49 49 56 48 47 54 55 55 62 48 47 54 47 48 55 55 55 62 47 48 55 54 54 61</p>
                </polylist>
            </mesh>
        </geometry>
        <geometry id="ID205">
            <mesh>
                <source id="ID206">
                    <float_array id="ID207" count="168">2.17504 1.26926 0.135962 1.83038 1.86623 0.135959 1.83038 1.86623 1.61583 2.17504 1.26926 1.61583 0.170942 0.631431 8.15781 -0.51838 0.631431 3.26312 -0.51838 0.631431 10.7254 0.170942 0.631431 10.7254 -0.86304 0.0344618 3.26312 -0.86304 0.0344618 10.7254 -0.51838 -0.562509 3.26312 -0.51838 -0.562509 10.7254 0.170942 -0.562509 3.26312 0.170942 -0.562509 10.7254 0.515602 0.0344618 8.15781 0.515602 0.0344618 10.7254 0.243358 0.756861 15.4684 0.660436 0.0344618 15.4684 -0.590797 0.756861 15.4684 -1.00788 0.0344618 15.4684 -0.590797 -0.687937 15.4684 0.243358 -0.687937 15.4684 0.300233 0.855371 21.2991 0.774184 0.0344618 21.2991 -0.647671 0.855371 21.2991 -1.12162 0.0344618 21.2991 -0.647671 -0.786447 21.2991 0.300233 -0.786447 21.2991 -0.17372 0.0344618 3.26312 -0.17372 0.0344618 21.2991 0.0708284 0.0592451 -6.2419 0.821067 -2.09575 -4.88586 -1.7332 -1.76888 -4.28964 -2.66089 -0.573324 -3.65551 -1.64985 2.10255 -4.595 -0.368349 3.30225 -3.81943 2.48075 2.38501 -3.71998 3.49024 -0.198973 -5.0177 2.49061 -1.74576 -4.56386 0.274444 -3.85512 0.120344 -1.994 -2.90565 -0.281038 -4.47574 0.575677 -1.45905 -2.33394 3.52922 -0.091147 -0.0597378 3.88417 -0.982911 4.44207 2.64892 0.612767 3.98079 -1.34642 -2.58143 2.72743 -2.6276 0.133658 -0.317708 -3.00705 4.82084 -3.06103 -1.81191 4.20965 -4.61894 0.0592451 2.84969 -2.71544 1.88737 5.59593 -0.0594898 3.07496 4.82084 2.97924 3.65939 3.66774 3.93401 0.446567 2.38655 2.06987 -1.76888 4.83535 0.239112 0.0592435 5.9245</float_array>
                    <technique_common>
                        <accessor count="56" source="#ID207" stride="3">
                            <param name="X" type="float"/>
                            <param name="Y" type="float"/>
                            <param name="Z" type="float"/>
                        </accessor>
                    </technique_common>
                </source>
                <source id="ID208">
                    <float_array id="ID209" count="168">0.708648 0.696873 0.110389 -0.579958 0.805259 -0.123316 0.579006 -0.685601 -0.441252 0.975518 -0.207136 0.073886 -0.499913 0.865941 -0.0152639 -0.303739 0.869135 -0.390317 -0.186841 0.950489 -0.248318 0.0919691 0.995447 0.0250489 -0.999883 3.39215e-05 -0.0152639 -0.78335 -0.150755 -0.603023 -0.499971 -0.865907 -0.0152637 -0.261117 -0.753778 -0.603023 0.499913 -0.865941 -0.0152637 0.810115 -0.470018 -0.350423 0.997303 -0.0492846 0.0543752 0.869559 -0.472068 -0.144981 0.499826 0.865764 -0.0250142 0.999687 2.00154e-05 -0.0250141 -0.49986 0.865745 -0.0250142 -0.999687 -2.00613e-05 -0.0250142 -0.499826 -0.865764 -0.0250141 0.499861 -0.865744 -0.025014 0.527023 0.608554 0.593219 0.790535 -0.152139 0.593219 -0.263512 0.760693 0.593219 -0.790535 0.152139 0.593219 -0.527023 -0.608554 0.593219 0.263512 -0.760693 0.593219 0.574108 0.331462 -0.748687 0 0 1 -0.592935 -0.586481 -0.551786 -0.0528289 -0.827241 -0.559359 -0.0945004 0.0219104 -0.995284 -0.776338 0.0863483 -0.624374 -0.617395 0.596965 -0.512304 0.0318012 0.877088 -0.479276 0.612473 0.611115 -0.501413 0.689914 -0.297966 -0.659723 0.453146 -0.7224 -0.522299 -0.565795 -0.811023 -0.148721 -0.00035612 -0.997498 -0.0706892 -0.95656 0.0562796 -0.286051 -0.557218 0.817905 -0.143317 -0.0933757 0.991167 -0.0941729 0.778889 0.617572 -0.109259 0.951343 -0.296934 -0.08232 0.554605 -0.831795 -0.0230271 -0.601624 -0.634929 0.484679 0.0812834 -0.807751 0.583893 -0.879485 -0.266443 0.394353 -0.623867 0.537355 0.567485 -0.0439422 0.836586 0.54607 0.559193 0.627786 0.541468 0.887178 -0.087759 0.453005 0.713896 -0.456712 0.530817 0.0962486 -0.0277007 0.994972</float_array>
                    <technique_common>
                        <accessor count="56" source="#ID209" stride="3">
                            <param name="X" type="float"/>
                            <param name="Y" type="float"/>
                            <param name="Z" type="float"/>
                        </accessor>
                    </technique_common>
                </source>
                <source id="ID210">
                    <float_array id="ID211" count="126">0.904008 0.738542 0.981876 0.768352 0.984617 0.682564 0.91589 0.662606 0.741566 0.528248 0.723399 0.586743 0.756661 0.536919 0.755091 0.528273 0.734837 0.500912 0.703036 0.502789 0.741566 0.473569 0.723399 0.418614 0.755091 0.473546 0.766143 0.41792 0.761838 0.500914 0.765472 0.501194 0.754536 0.523717 0.760227 0.500637 0.743134 0.523704 0.737453 0.500636 0.743134 0.477565 0.754536 0.477553 0.75387 0.519578 0.758583 0.500464 0.744433 0.519572 0.739725 0.500464 0.744433 0.481354 0.75387 0.481348 0.744676 0.502914 0.749151 0.500465 0.328138 0.328328 0.209764 0.310028 0.244407 0.503676 0.374022 0.440843 0.320264 0.687672 0.266283 0.803048 0.127533 0.705156 0.125887 0.484379 0.143969 0.353986 0.492396 0.162009 0.917223 0.0292977 0.465423 0.546218 0.503565 0.84096 0.242565 0.957087 0.979923 0.689078 1.24257 0.957087 1.26628 0.803048 1.12753 0.705156 1.06643 0.390583 0.0664252 0.390583 0.987718 0.235537 1.12589 0.484379 1.14397 0.353986 1.20976 0.310028 0.632172 0.3562 0.740173 0.257811 0.573095 0.503297 0.662482 0.630925 0.751242 0.744519 0.880858 0.753021 0.92991 0.536053 0.833684 0.356117 0.761487 0.503669</float_array>
                    <technique_common>
                        <accessor count="63" source="#ID211" stride="2">
                            <param name="S" type="float"/>
                            <param name="T" type="float"/>
                        </accessor>
                    </technique_common>
                </source>
                <vertices id="ID212">
                    <input semantic="POSITION" source="#ID206"/>
                </vertices>
                <polylist count="56" material="Material1">
                    <input offset="0" semantic="VERTEX" source="#ID212"/>
                    <input offset="1" semantic="NORMAL" source="#ID208"/>
                    <input offset="2" semantic="TEXCOORD" source="#ID210" set="0"/>
                    <vcount>3 3 3 3 3 3 3 3 3 3 3 3 3 3 3 3 3 3 3 3 3 3 3 3 3 3 3 3 3 3 3 3 3 3 3 3 3 3 3 3 3 3 3 3 3 3 3 3 3 3 3 3 3 3 3 3</vcount>
                    <p>0 2 2 1 1 1 2 0 0 0 2 2 2 0 0 3 3 3 4 6 6 5 5 5 6 4 4 4 6 6 6 4 4 7 7 7 5 5 5 8 9 9 9 8 8 5 5 5 9 8 8 6 4 4 8 9 9 10 11 11 11 10 10 8 9 9 11 10 10 9 8 8 10 11 11 12 13 13 13 12 12 10 11 11 13 12 12 11 10 10 12 13 13 14 15 15 15 14 14 12 13 13 15 14 14 13 12 12 15 14 14 7 7 7 16 16 16 15 14 14 16 16 16 17 17 17 7 7 7 6 4 4 18 18 18 7 7 7 18 18 18 16 16 16 6 4 4 9 8 8 19 19 19 6 4 4 19 19 19 18 18 18 9 8 8 11 10 10 20 20 20 9 8 8 20 20 20 19 19 19 11 10 10 13 12 12 21 21 21 11 10 10 21 21 21 20 20 20 13 12 12 15 14 14 17 17 17 13 12 12 17 17 17 21 21 21 17 17 17 16 16 16 22 22 22 17 17 17 22 22 22 23 23 23 16 16 16 18 18 18 24 24 24 16 16 16 24 24 24 22 22 22 18 18 18 19 19 19 25 25 25 18 18 18 25 25 25 24 24 24 19 19 19 20 20 20 26 26 26 19 19 19 26 26 26 25 25 25 20 20 20 21 21 21 27 27 27 20 20 20 27 27 27 26 26 26 21 21 21 17 17 17 23 23 23 21 21 21 23 23 23 27 27 27 4 6 6 14 15 15 28 28 28 5 5 5 4 6 6 28 28 28 8 9 9 5 5 5 28 28 28 10 11 11 8 9 9 28 28 28 12 13 13 10 11 11 28 28 28 14 15 15 12 13 13 28 28 28 23 23 23 22 22 22 29 29 29 22 22 22 24 24 24 29 29 29 24 24 24 25 25 25 29 29 29 25 25 25 26 26 26 29 29 29 26 26 26 27 27 27 29 29 29 27 27 27 23 23 23 29 29 29 0 2 2 14 15 15 4 6 6 4 6 6 1 1 1 0 2 2 1 1 1 4 6 6 7 7 7 7 7 7 2 0 0 1 1 1 2 0 0 7 7 7 15 14 14 15 14 14 3 3 3 2 0 0 3 3 3 15 14 14 14 15 15 14 15 15 0 2 2 3 3 3</p>
                </polylist>
                <polylist count="48" material="Material2">
                    <input offset="0" semantic="VERTEX" source="#ID212"/>
                    <input offset="1" semantic="NORMAL" source="#ID208"/>
                    <input offset="2" semantic="TEXCOORD" source="#ID210" set="0"/>
                    <vcount>3 3 3 3 3 3 3 3 3 3 3 3 3 3 3 3 3 3 3 3 3 3 3 3 3 3 3 3 3 3 3 3 3 3 3 3 3 3 3 3 3 3 3 3 3 3 3 3</vcount>
                    <p>30 32 32 31 31 31 32 30 30 30 32 32 32 30 30 33 33 33 30 32 32 33 33 33 34 34 34 30 32 32 34 34 34 35 35 35 30 32 32 35 35 35 36 36 36 30 32 32 36 36 36 37 37 37 30 32 32 37 37 37 38 38 38 30 32 32 38 38 38 31 31 31 31 31 31 39 40 40 40 39 39 31 31 31 40 39 39 32 30 30 32 30 30 40 39 39 41 41 41 32 30 30 41 41 41 33 33 33 33 33 33 41 41 41 42 42 42 33 33 33 42 42 42 34 34 34 34 34 34 42 42 42 43 43 43 34 34 34 43 43 43 35 35 35 35 35 46 43 43 45 44 44 44 35 35 46 44 44 44 36 36 47 36 36 47 44 44 44 45 45 48 36 36 36 45 45 49 37 37 37 37 37 51 45 45 48 46 46 50 37 37 51 46 46 50 38 38 52 38 38 52 46 46 50 39 40 40 38 38 52 39 40 40 31 31 53 39 40 40 47 48 55 48 47 54 39 40 40 48 47 54 40 39 39 40 39 39 48 47 54 49 49 56 40 39 39 49 49 56 41 41 41 41 41 41 49 49 56 50 50 57 41 41 41 50 50 57 42 42 42 42 42 42 50 50 57 51 51 58 42 42 42 51 51 58 43 43 45 43 43 45 51 51 58 52 52 59 43 43 45 52 52 59 44 44 44 44 44 44 52 52 59 53 53 60 44 44 44 53 53 60 45 45 48 45 45 48 53 53 60 54 54 61 45 45 48 54 54 61 46 46 50 46 46 50 54 54 61 47 48 55 46 46 50 47 48 55 39 40 40 55 55 62 54 54 61 53 53 60 55 55 62 53 53 60 52 52 59 55 55 62 52 52 59 51 51 58 55 55 62 51 51 58 50 50 57 55 55 62 50 50 57 49 49 56 55 55 62 49 49 56 48 47 54 55 55 62 48 47 54 47 48 55 55 55 62 47 48 55 54 54 61</p>
                </polylist>
            </mesh>
        </geometry>
        <geometry id="ID214">
            <mesh>
                <source id="ID215">
                    <float_array id="ID216" count="168">2.17504 1.26926 0.0747781 1.83038 1.86623 0.0747765 1.83038 1.86623 0.888691 2.17504 1.26926 0.888691 0.170942 0.631431 4.48673 -0.51838 0.631431 1.79469 -0.51838 0.631431 5.89887 0.170942 0.631431 5.89887 -0.86304 0.0344618 1.79469 -0.86304 0.0344618 5.89887 -0.51838 -0.562509 1.79469 -0.51838 -0.562509 5.89887 0.170942 -0.562509 1.79469 0.170942 -0.562509 5.89887 0.515602 0.0344618 4.48673 0.515602 0.0344618 5.89887 0.243358 0.756861 8.50747 0.660436 0.0344618 8.50747 -0.590797 0.756861 8.50747 -1.00788 0.0344618 8.50747 -0.590797 -0.687937 8.50747 0.243358 -0.687937 8.50747 0.300233 0.855371 11.7143 0.774184 0.0344618 11.7143 -0.647671 0.855371 11.7143 -1.12162 0.0344618 11.7143 -0.647671 -0.786447 11.7143 0.300233 -0.786447 11.7143 -0.17372 0.0344618 1.79469 -0.17372 0.0344618 11.7143 0.0708284 0.0592451 -3.43299 0.821067 -2.09575 -2.68718 -1.7332 -1.76888 -2.35927 -2.66089 -0.573324 -2.0105 -1.64985 2.10255 -2.52721 -0.368349 3.30225 -2.10066 2.48075 2.38501 -2.04596 3.49024 -0.198973 -2.75969 2.49061 -1.74576 -2.51008 0.274444 -3.85512 0.066188 -1.994 -2.90565 -0.154569 -4.47574 0.575677 -0.802468 -2.33394 3.52922 -0.0501301 -0.0597378 3.88417 -0.540593 4.44207 2.64892 0.337017 3.98079 -1.34642 -1.41977 2.72743 -2.6276 0.0735109 -0.317708 -3.00705 2.65142 -3.06103 -1.81191 2.31527 -4.61894 0.0592451 1.5673 -2.71544 1.88737 3.07772 -0.0594898 3.07496 2.65142 2.97924 3.65939 2.01723 3.93401 0.446567 1.31258 2.06987 -1.76888 2.6594 0.239112 0.0592435 3.25842</float_array>
                    <technique_common>
                        <accessor count="56" source="#ID216" stride="3">
                            <param name="X" type="float"/>
                            <param name="Y" type="float"/>
                            <param name="Z" type="float"/>
                        </accessor>
                    </technique_common>
                </source>
                <source id="ID217">
                    <float_array id="ID218" count="168">0.695143 0.692569 0.192679 -0.546766 0.811196 -0.207383 0.56703 -0.529617 -0.630858 0.967679 -0.217098 0.128317 -0.499711 0.865748 -0.0277343 -0.304866 0.855607 -0.418321 -0.149775 0.903408 -0.401774 0.0845123 0.995533 0.042103 -0.999615 0.000111335 -0.0277343 -0.78335 -0.150755 -0.603023 -0.499904 -0.865636 -0.0277339 -0.261117 -0.753778 -0.603023 0.499712 -0.865748 -0.0277339 0.798905 -0.468598 -0.377051 0.993946 -0.0575063 0.0936178 0.855146 -0.455996 -0.246561 0.499426 0.865164 -0.0454458 0.998967 6.57769e-05 -0.0454457 -0.49954 0.865098 -0.0454458 -0.998967 -6.58228e-05 -0.0454459 -0.499427 -0.865163 -0.0454458 0.49954 -0.865098 -0.0454455 0.530908 0.613039 0.585081 0.796362 -0.15326 0.585081 -0.265454 0.766299 0.585081 -0.796361 0.15326 0.585081 -0.530907 -0.61304 0.585081 0.265454 -0.766299 0.585081 0.542046 0.312951 -0.779902 0 0 1 -0.472296 -0.486039 -0.735325 -0.0485384 -0.680071 -0.731538 -0.0596763 0.015257 -0.998101 -0.592127 0.0652416 -0.803199 -0.531925 0.512002 -0.67447 0.0141184 0.770166 -0.637688 0.544577 0.512446 -0.663955 0.580561 -0.241199 -0.777671 0.398441 -0.624903 -0.671372 -0.560187 -0.788732 -0.253163 -0.00266986 -0.993436 -0.114362 -0.909734 0.0388341 -0.413372 -0.554695 0.808607 -0.196131 -0.0941446 0.982419 -0.161215 0.758808 0.620086 -0.199257 0.953775 -0.27921 -0.11115 0.565257 -0.824465 -0.0272274 -0.52444 -0.626094 0.577034 0.0843339 -0.707639 0.701523 -0.837031 -0.249188 0.487118 -0.553346 0.494919 0.669972 -0.0750105 0.745206 0.662602 0.439966 0.591009 0.676121 0.77126 -0.0996941 0.628665 0.61086 -0.410912 0.676757 0.0581923 -0.0199451 0.998106</float_array>
                    <technique_common>
                        <accessor count="56" source="#ID218" stride="3">
                            <param name="X" type="float"/>
                            <param name="Y" type="float"/>
                            <param name="Z" type="float"/>
                        </accessor>
                    </technique_common>
                </source>
                <source id="ID219">
                    <float_array id="ID220" count="126">0.904008 0.738542 0.981876 0.768352 0.984617 0.682564 0.91589 0.662606 0.741566 0.528248 0.723399 0.586743 0.756661 0.536919 0.755091 0.528273 0.734837 0.500912 0.703036 0.502789 0.741566 0.473569 0.723399 0.418614 0.755091 0.473546 0.766143 0.41792 0.761838 0.500914 0.765472 0.501194 0.754536 0.523717 0.760227 0.500637 0.743134 0.523704 0.737453 0.500636 0.743134 0.477565 0.754536 0.477553 0.75387 0.519578 0.758583 0.500464 0.744433 0.519572 0.739725 0.500464 0.744433 0.481354 0.75387 0.481348 0.744676 0.502914 0.749151 0.500465 0.328138 0.328328 0.209764 0.310028 0.244407 0.503676 0.374022 0.440843 0.320264 0.687672 0.266283 0.803048 0.127533 0.705156 0.125887 0.484379 0.143969 0.353986 0.492396 0.162009 0.917223 0.0292977 0.465423 0.546218 0.503565 0.84096 0.242565 0.957087 0.979923 0.689078 1.24257 0.957087 1.26628 0.803048 1.12753 0.705156 1.06643 0.390583 0.0664252 0.390583 0.987718 0.235537 1.12589 0.484379 1.14397 0.353986 1.20976 0.310028 0.632172 0.3562 0.740173 0.257811 0.573095 0.503297 0.662482 0.630925 0.751242 0.744519 0.880858 0.753021 0.92991 0.536053 0.833684 0.356117 0.761487 0.503669</float_array>
                    <technique_common>
                        <accessor count="63" source="#ID220" stride="2">
                            <param name="S" type="float"/>
                            <param name="T" type="float"/>
                        </accessor>
                    </technique_common>
                </source>
                <vertices id="ID221">
                    <input semantic="POSITION" source="#ID215"/>
                </vertices>
                <polylist count="56" material="Material1">
                    <input offset="0" semantic="VERTEX" source="#ID221"/>
                    <input offset="1" semantic="NORMAL" source="#ID217"/>
                    <input offset="2" semantic="TEXCOORD" source="#ID219" set="0"/>
                    <vcount>3 3 3 3 3 3 3 3 3 3 3 3 3 3 3 3 3 3 3 3 3 3 3 3 3 3 3 3 3 3 3 3 3 3 3 3 3 3 3 3 3 3 3 3 3 3 3 3 3 3 3 3 3 3 3 3</vcount>
                    <p>0 2 2 1 1 1 2 0 0 0 2 2 2 0 0 3 3 3 4 6 6 5 5 5 6 4 4 4 6 6 6 4 4 7 7 7 5 5 5 8 9 9 9 8 8 5 5 5 9 8 8 6 4 4 8 9 9 10 11 11 11 10 10 8 9 9 11 10 10 9 8 8 10 11 11 12 13 13 13 12 12 10 11 11 13 12 12 11 10 10 12 13 13 14 15 15 15 14 14 12 13 13 15 14 14 13 12 12 15 14 14 7 7 7 16 16 16 15 14 14 16 16 16 17 17 17 7 7 7 6 4 4 18 18 18 7 7 7 18 18 18 16 16 16 6 4 4 9 8 8 19 19 19 6 4 4 19 19 19 18 18 18 9 8 8 11 10 10 20 20 20 9 8 8 20 20 20 19 19 19 11 10 10 13 12 12 21 21 21 11 10 10 21 21 21 20 20 20 13 12 12 15 14 14 17 17 17 13 12 12 17 17 17 21 21 21 17 17 17 16 16 16 22 22 22 17 17 17 22 22 22 23 23 23 16 16 16 18 18 18 24 24 24 16 16 16 24 24 24 22 22 22 18 18 18 19 19 19 25 25 25 18 18 18 25 25 25 24 24 24 19 19 19 20 20 20 26 26 26 19 19 19 26 26 26 25 25 25 20 20 20 21 21 21 27 27 27 20 20 20 27 27 27 26 26 26 21 21 21 17 17 17 23 23 23 21 21 21 23 23 23 27 27 27 4 6 6 14 15 15 28 28 28 5 5 5 4 6 6 28 28 28 8 9 9 5 5 5 28 28 28 10 11 11 8 9 9 28 28 28 12 13 13 10 11 11 28 28 28 14 15 15 12 13 13 28 28 28 23 23 23 22 22 22 29 29 29 22 22 22 24 24 24 29 29 29 24 24 24 25 25 25 29 29 29 25 25 25 26 26 26 29 29 29 26 26 26 27 27 27 29 29 29 27 27 27 23 23 23 29 29 29 0 2 2 14 15 15 4 6 6 4 6 6 1 1 1 0 2 2 1 1 1 4 6 6 7 7 7 7 7 7 2 0 0 1 1 1 2 0 0 7 7 7 15 14 14 15 14 14 3 3 3 2 0 0 3 3 3 15 14 14 14 15 15 14 15 15 0 2 2 3 3 3</p>
                </polylist>
                <polylist count="48" material="Material2">
                    <input offset="0" semantic="VERTEX" source="#ID221"/>
                    <input offset="1" semantic="NORMAL" source="#ID217"/>
                    <input offset="2" semantic="TEXCOORD" source="#ID219" set="0"/>
                    <vcount>3 3 3 3 3 3 3 3 3 3 3 3 3 3 3 3 3 3 3 3 3 3 3 3 3 3 3 3 3 3 3 3 3 3 3 3 3 3 3 3 3 3 3 3 3 3 3 3</vcount>
                    <p>30 32 32 31 31 31 32 30 30 30 32 32 32 30 30 33 33 33 30 32 32 33 33 33 34 34 34 30 32 32 34 34 34 35 35 35 30 32 32 35 35 35 36 36 36 30 32 32 36 36 36 37 37 37 30 32 32 37 37 37 38 38 38 30 32 32 38 38 38 31 31 31 31 31 31 39 40 40 40 39 39 31 31 31 40 39 39 32 30 30 32 30 30 40 39 39 41 41 41 32 30 30 41 41 41 33 33 33 33 33 33 41 41 41 42 42 42 33 33 33 42 42 42 34 34 34 34 34 34 42 42 42 43 43 43 34 34 34 43 43 43 35 35 35 35 35 46 43 43 45 44 44 44 35 35 46 44 44 44 36 36 47 36 36 47 44 44 44 45 45 48 36 36 36 45 45 49 37 37 37 37 37 51 45 45 48 46 46 50 37 37 51 46 46 50 38 38 52 38 38 52 46 46 50 39 40 40 38 38 52 39 40 40 31 31 53 39 40 40 47 48 55 48 47 54 39 40 40 48 47 54 40 39 39 40 39 39 48 47 54 49 49 56 40 39 39 49 49 56 41 41 41 41 41 41 49 49 56 50 50 57 41 41 41 50 50 57 42 42 42 42 42 42 50 50 57 51 51 58 42 42 42 51 51 58 43 43 45 43 43 45 51 51 58 52 52 59 43 43 45 52 52 59 44 44 44 44 44 44 52 52 59 53 53 60 44 44 44 53 53 60 45 45 48 45 45 48 53 53 60 54 54 61 45 45 48 54 54 61 46 46 50 46 46 50 54 54 61 47 48 55 46 46 50 47 48 55 39 40 40 55 55 62 54 54 61 53 53 60 55 55 62 53 53 60 52 52 59 55 55 62 52 52 59 51 51 58 55 55 62 51 51 58 50 50 57 55 55 62 50 50 57 49 49 56 55 55 62 49 49 56 48 47 54 55 55 62 48 47 54 47 48 55 55 55 62 47 48 55 54 54 61</p>
                </polylist>
            </mesh>
        </geometry>
        <geometry id="ID223">
            <mesh>
                <source id="ID224">
                    <float_array id="ID225" count="168">2.93132 1.71059 0.100779 2.46682 2.51513 0.100777 2.46682 2.51513 1.1977 2.93132 1.71059 1.1977 0.23038 0.850985 6.0468 -0.698625 0.850985 2.41872 -0.698625 0.850985 7.94996 0.23038 0.850985 7.94996 -1.16313 0.0464445 2.41872 -1.16313 0.0464445 7.94996 -0.698625 -0.758098 2.41872 -0.698625 -0.758098 7.94996 0.23038 -0.758098 2.41872 0.23038 -0.758098 7.94996 0.694882 0.0464445 6.0468 0.694882 0.0464445 7.94996 0.327976 1.02003 11.4656 0.890075 0.0464445 11.4656 -0.796223 1.02003 11.4656 -1.35832 0.0464445 11.4656 -0.796223 -0.927139 11.4656 0.327976 -0.927139 11.4656 0.404627 1.15279 15.7875 1.04338 0.0464445 15.7875 -0.872872 1.15279 15.7875 -1.51162 0.0464445 15.7875 -0.872872 -1.0599 15.7875 0.404627 -1.0599 15.7875 -0.234123 0.0464445 2.41872 -0.234123 0.0464445 15.7875 0.0954561 0.0798452 -4.62668 1.10656 -2.82446 -3.62154 -2.33585 -2.38393 -3.1796 -3.5861 -0.772674 -2.70957 -2.22352 2.83362 -3.40595 -0.496427 4.45047 -2.83107 3.34333 3.2143 -2.75736 4.70383 -0.268158 -3.71926 3.35662 -2.35277 -3.38286 0.36987 -5.19558 0.0892022 -2.68733 -3.91597 -0.208313 -6.03199 0.775844 -1.08149 -3.14548 4.75636 -0.0675608 -0.0805092 5.23473 -0.728562 5.98662 3.56998 0.454201 5.36495 -1.81458 -1.91343 3.67579 -3.54124 0.0990714 -0.428178 -4.05263 3.57335 -4.12538 -2.44193 3.12031 -6.22498 0.0798452 2.11227 -3.65962 2.54362 4.14787 -0.080175 4.14415 3.57335 4.01514 4.93179 2.71864 5.30191 0.601843 1.76898 2.78958 -2.38393 3.5841 0.322254 0.079843 4.39141</float_array>
                    <technique_common>
                        <accessor count="56" source="#ID225" stride="3">
                            <param name="X" type="float"/>
                            <param name="Y" type="float"/>
                            <param name="Z" type="float"/>
                        </accessor>
                    </technique_common>
                </source>
                <source id="ID226">
                    <float_array id="ID227" count="168">0.695143 0.692569 0.192679 -0.546766 0.811196 -0.207383 0.56703 -0.529617 -0.630858 0.967679 -0.217098 0.128317 -0.499711 0.865748 -0.0277343 -0.304867 0.855607 -0.418321 -0.149775 0.903408 -0.401774 0.0845123 0.995533 0.042103 -0.999615 0.000111358 -0.0277343 -0.78335 -0.150755 -0.603023 -0.499904 -0.865636 -0.0277339 -0.261117 -0.753778 -0.603023 0.499712 -0.865748 -0.0277339 0.798905 -0.468598 -0.377051 0.993946 -0.0575063 0.0936179 0.855146 -0.455996 -0.246561 0.499426 0.865164 -0.0454458 0.998967 6.57769e-05 -0.0454457 -0.49954 0.865098 -0.0454458 -0.998967 -6.58171e-05 -0.0454459 -0.499427 -0.865163 -0.0454458 0.49954 -0.865098 -0.0454455 0.530908 0.613039 0.585081 0.796362 -0.15326 0.585081 -0.265454 0.766299 0.585081 -0.796361 0.15326 0.585081 -0.530907 -0.61304 0.585081 0.265454 -0.766299 0.585081 0.542046 0.312951 -0.779902 0 0 1 -0.472296 -0.486039 -0.735325 -0.0485384 -0.680071 -0.731538 -0.0596762 0.0152569 -0.998101 -0.592127 0.0652416 -0.803199 -0.531925 0.512002 -0.67447 0.0141184 0.770166 -0.637688 0.544577 0.512446 -0.663955 0.580561 -0.241199 -0.777671 0.398441 -0.624903 -0.671372 -0.560188 -0.788732 -0.253163 -0.0026699 -0.993436 -0.114362 -0.909734 0.038834 -0.413372 -0.554695 0.808607 -0.196131 -0.0941446 0.982419 -0.161215 0.758808 0.620086 -0.199257 0.953775 -0.27921 -0.11115 0.565257 -0.824465 -0.0272274 -0.52444 -0.626094 0.577034 0.0843339 -0.707639 0.701523 -0.837031 -0.249188 0.487118 -0.553346 0.494919 0.669972 -0.0750105 0.745206 0.662602 0.439966 0.591009 0.676121 0.77126 -0.0996941 0.628665 0.61086 -0.410912 0.676757 0.0581923 -0.0199451 0.998106</float_array>
                    <technique_common>
                        <accessor count="56" source="#ID227" stride="3">
                            <param name="X" type="float"/>
                            <param name="Y" type="float"/>
                            <param name="Z" type="float"/>
                        </accessor>
                    </technique_common>
                </source>
                <source id="ID228">
                    <float_array id="ID229" count="126">0.904008 0.738542 0.981876 0.768352 0.984617 0.682564 0.91589 0.662606 0.741566 0.528248 0.723399 0.586743 0.756661 0.536919 0.755091 0.528273 0.734837 0.500912 0.703036 0.502789 0.741566 0.473569 0.723399 0.418614 0.755091 0.473546 0.766143 0.41792 0.761838 0.500914 0.765472 0.501194 0.754536 0.523717 0.760227 0.500637 0.743134 0.523704 0.737453 0.500636 0.743134 0.477565 0.754536 0.477553 0.75387 0.519578 0.758583 0.500464 0.744433 0.519572 0.739725 0.500464 0.744433 0.481354 0.75387 0.481348 0.744676 0.502914 0.749151 0.500465 0.328138 0.328328 0.209764 0.310028 0.244407 0.503676 0.374022 0.440843 0.320264 0.687672 0.266283 0.803048 0.127533 0.705156 0.125887 0.484379 0.143969 0.353986 0.492396 0.162009 0.917223 0.0292977 0.465423 0.546218 0.503565 0.84096 0.242565 0.957087 0.979923 0.689078 1.24257 0.957087 1.26628 0.803048 1.12753 0.705156 1.06643 0.390583 0.0664252 0.390583 0.987718 0.235537 1.12589 0.484379 1.14397 0.353986 1.20976 0.310028 0.632172 0.3562 0.740173 0.257811 0.573095 0.503297 0.662482 0.630925 0.751242 0.744519 0.880858 0.753021 0.92991 0.536053 0.833684 0.356117 0.761487 0.503669</float_array>
                    <technique_common>
                        <accessor count="63" source="#ID229" stride="2">
                            <param name="S" type="float"/>
                            <param name="T" type="float"/>
                        </accessor>
                    </technique_common>
                </source>
                <vertices id="ID230">
                    <input semantic="POSITION" source="#ID224"/>
                </vertices>
                <polylist count="56" material="Material1">
                    <input offset="0" semantic="VERTEX" source="#ID230"/>
                    <input offset="1" semantic="NORMAL" source="#ID226"/>
                    <input offset="2" semantic="TEXCOORD" source="#ID228" set="0"/>
                    <vcount>3 3 3 3 3 3 3 3 3 3 3 3 3 3 3 3 3 3 3 3 3 3 3 3 3 3 3 3 3 3 3 3 3 3 3 3 3 3 3 3 3 3 3 3 3 3 3 3 3 3 3 3 3 3 3 3</vcount>
                    <p>0 2 2 1 1 1 2 0 0 0 2 2 2 0 0 3 3 3 4 6 6 5 5 5 6 4 4 4 6 6 6 4 4 7 7 7 5 5 5 8 9 9 9 8 8 5 5 5 9 8 8 6 4 4 8 9 9 10 11 11 11 10 10 8 9 9 11 10 10 9 8 8 10 11 11 12 13 13 13 12 12 10 11 11 13 12 12 11 10 10 12 13 13 14 15 15 15 14 14 12 13 13 15 14 14 13 12 12 15 14 14 7 7 7 16 16 16 15 14 14 16 16 16 17 17 17 7 7 7 6 4 4 18 18 18 7 7 7 18 18 18 16 16 16 6 4 4 9 8 8 19 19 19 6 4 4 19 19 19 18 18 18 9 8 8 11 10 10 20 20 20 9 8 8 20 20 20 19 19 19 11 10 10 13 12 12 21 21 21 11 10 10 21 21 21 20 20 20 13 12 12 15 14 14 17 17 17 13 12 12 17 17 17 21 21 21 17 17 17 16 16 16 22 22 22 17 17 17 22 22 22 23 23 23 16 16 16 18 18 18 24 24 24 16 16 16 24 24 24 22 22 22 18 18 18 19 19 19 25 25 25 18 18 18 25 25 25 24 24 24 19 19 19 20 20 20 26 26 26 19 19 19 26 26 26 25 25 25 20 20 20 21 21 21 27 27 27 20 20 20 27 27 27 26 26 26 21 21 21 17 17 17 23 23 23 21 21 21 23 23 23 27 27 27 4 6 6 14 15 15 28 28 28 5 5 5 4 6 6 28 28 28 8 9 9 5 5 5 28 28 28 10 11 11 8 9 9 28 28 28 12 13 13 10 11 11 28 28 28 14 15 15 12 13 13 28 28 28 23 23 23 22 22 22 29 29 29 22 22 22 24 24 24 29 29 29 24 24 24 25 25 25 29 29 29 25 25 25 26 26 26 29 29 29 26 26 26 27 27 27 29 29 29 27 27 27 23 23 23 29 29 29 0 2 2 14 15 15 4 6 6 4 6 6 1 1 1 0 2 2 1 1 1 4 6 6 7 7 7 7 7 7 2 0 0 1 1 1 2 0 0 7 7 7 15 14 14 15 14 14 3 3 3 2 0 0 3 3 3 15 14 14 14 15 15 14 15 15 0 2 2 3 3 3</p>
                </polylist>
                <polylist count="48" material="Material2">
                    <input offset="0" semantic="VERTEX" source="#ID230"/>
                    <input offset="1" semantic="NORMAL" source="#ID226"/>
                    <input offset="2" semantic="TEXCOORD" source="#ID228" set="0"/>
                    <vcount>3 3 3 3 3 3 3 3 3 3 3 3 3 3 3 3 3 3 3 3 3 3 3 3 3 3 3 3 3 3 3 3 3 3 3 3 3 3 3 3 3 3 3 3 3 3 3 3</vcount>
                    <p>30 32 32 31 31 31 32 30 30 30 32 32 32 30 30 33 33 33 30 32 32 33 33 33 34 34 34 30 32 32 34 34 34 35 35 35 30 32 32 35 35 35 36 36 36 30 32 32 36 36 36 37 37 37 30 32 32 37 37 37 38 38 38 30 32 32 38 38 38 31 31 31 31 31 31 39 40 40 40 39 39 31 31 31 40 39 39 32 30 30 32 30 30 40 39 39 41 41 41 32 30 30 41 41 41 33 33 33 33 33 33 41 41 41 42 42 42 33 33 33 42 42 42 34 34 34 34 34 34 42 42 42 43 43 43 34 34 34 43 43 43 35 35 35 35 35 46 43 43 45 44 44 44 35 35 46 44 44 44 36 36 47 36 36 47 44 44 44 45 45 48 36 36 36 45 45 49 37 37 37 37 37 51 45 45 48 46 46 50 37 37 51 46 46 50 38 38 52 38 38 52 46 46 50 39 40 40 38 38 52 39 40 40 31 31 53 39 40 40 47 48 55 48 47 54 39 40 40 48 47 54 40 39 39 40 39 39 48 47 54 49 49 56 40 39 39 49 49 56 41 41 41 41 41 41 49 49 56 50 50 57 41 41 41 50 50 57 42 42 42 42 42 42 50 50 57 51 51 58 42 42 42 51 51 58 43 43 45 43 43 45 51 51 58 52 52 59 43 43 45 52 52 59 44 44 44 44 44 44 52 52 59 53 53 60 44 44 44 53 53 60 45 45 48 45 45 48 53 53 60 54 54 61 45 45 48 54 54 61 46 46 50 46 46 50 54 54 61 47 48 55 46 46 50 47 48 55 39 40 40 55 55 62 54 54 61 53 53 60 55 55 62 53 53 60 52 52 59 55 55 62 52 52 59 51 51 58 55 55 62 51 51 58 50 50 57 55 55 62 50 50 57 49 49 56 55 55 62 49 49 56 48 47 54 55 55 62 48 47 54 47 48 55 55 55 62 47 48 55 54 54 61</p>
                </polylist>
            </mesh>
        </geometry>
        <geometry id="ID232">
            <mesh>
                <source id="ID233">
                    <float_array id="ID234" count="168">2.17504 1.26926 0.135962 1.83038 1.86623 0.135959 1.83038 1.86623 1.61583 2.17504 1.26926 1.61583 0.170942 0.631431 8.15781 -0.51838 0.631431 3.26312 -0.51838 0.631431 10.7254 0.170942 0.631431 10.7254 -0.86304 0.0344618 3.26312 -0.86304 0.0344618 10.7254 -0.51838 -0.562509 3.26312 -0.51838 -0.562509 10.7254 0.170942 -0.562509 3.26312 0.170942 -0.562509 10.7254 0.515602 0.0344618 8.15781 0.515602 0.0344618 10.7254 0.243358 0.756861 15.4684 0.660436 0.0344618 15.4684 -0.590797 0.756861 15.4684 -1.00788 0.0344618 15.4684 -0.590797 -0.687937 15.4684 0.243358 -0.687937 15.4684 0.300233 0.855371 21.2991 0.774184 0.0344618 21.2991 -0.647671 0.855371 21.2991 -1.12162 0.0344618 21.2991 -0.647671 -0.786447 21.2991 0.300233 -0.786447 21.2991 -0.17372 0.0344618 3.26312 -0.17372 0.0344618 21.2991 0.0708284 0.0592451 -6.2419 0.821067 -2.09575 -4.88586 -1.7332 -1.76888 -4.28964 -2.66089 -0.573324 -3.65551 -1.64985 2.10255 -4.595 -0.368349 3.30225 -3.81943 2.48075 2.38501 -3.71998 3.49024 -0.198973 -5.0177 2.49061 -1.74576 -4.56386 0.274444 -3.85512 0.120344 -1.994 -2.90565 -0.281038 -4.47574 0.575677 -1.45905 -2.33394 3.52922 -0.091147 -0.0597378 3.88417 -0.982911 4.44207 2.64892 0.612767 3.98079 -1.34642 -2.58143 2.72743 -2.6276 0.133658 -0.317708 -3.00705 4.82084 -3.06103 -1.81191 4.20965 -4.61894 0.0592451 2.84969 -2.71544 1.88737 5.59593 -0.0594898 3.07496 4.82084 2.97924 3.65939 3.66774 3.93401 0.446567 2.38655 2.06987 -1.76888 4.83535 0.239112 0.0592435 5.9245</float_array>
                    <technique_common>
                        <accessor count="56" source="#ID234" stride="3">
                            <param name="X" type="float"/>
                            <param name="Y" type="float"/>
                            <param name="Z" type="float"/>
                        </accessor>
                    </technique_common>
                </source>
                <source id="ID235">
                    <float_array id="ID236" count="168">0.708648 0.696873 0.110389 -0.579958 0.805259 -0.123316 0.579006 -0.685601 -0.441252 0.975518 -0.207136 0.073886 -0.499913 0.865941 -0.0152639 -0.303739 0.869135 -0.390317 -0.186841 0.950489 -0.248318 0.0919691 0.995447 0.0250489 -0.999883 3.39215e-05 -0.0152639 -0.78335 -0.150755 -0.603023 -0.499971 -0.865907 -0.0152637 -0.261117 -0.753778 -0.603023 0.499913 -0.865941 -0.0152637 0.810115 -0.470018 -0.350423 0.997303 -0.0492846 0.0543752 0.869559 -0.472068 -0.144981 0.499826 0.865764 -0.0250142 0.999687 2.00154e-05 -0.0250141 -0.49986 0.865745 -0.0250142 -0.999687 -2.00613e-05 -0.0250142 -0.499826 -0.865764 -0.0250141 0.499861 -0.865744 -0.025014 0.527023 0.608554 0.593219 0.790535 -0.152139 0.593219 -0.263512 0.760693 0.593219 -0.790535 0.152139 0.593219 -0.527023 -0.608554 0.593219 0.263512 -0.760693 0.593219 0.574108 0.331462 -0.748687 0 0 1 -0.592935 -0.586481 -0.551786 -0.0528289 -0.827241 -0.559359 -0.0945004 0.0219104 -0.995284 -0.776338 0.0863483 -0.624374 -0.617395 0.596965 -0.512304 0.0318012 0.877088 -0.479276 0.612473 0.611115 -0.501413 0.689914 -0.297966 -0.659723 0.453146 -0.7224 -0.522299 -0.565795 -0.811023 -0.148721 -0.00035612 -0.997498 -0.0706892 -0.95656 0.0562796 -0.286051 -0.557218 0.817905 -0.143317 -0.0933757 0.991167 -0.0941729 0.778889 0.617572 -0.109259 0.951343 -0.296934 -0.08232 0.554605 -0.831795 -0.0230271 -0.601624 -0.634929 0.484679 0.0812834 -0.807751 0.583893 -0.879485 -0.266443 0.394353 -0.623867 0.537355 0.567485 -0.0439422 0.836586 0.54607 0.559193 0.627786 0.541468 0.887178 -0.087759 0.453005 0.713896 -0.456712 0.530817 0.0962486 -0.0277007 0.994972</float_array>
                    <technique_common>
                        <accessor count="56" source="#ID236" stride="3">
                            <param name="X" type="float"/>
                            <param name="Y" type="float"/>
                            <param name="Z" type="float"/>
                        </accessor>
                    </technique_common>
                </source>
                <source id="ID237">
                    <float_array id="ID238" count="126">0.904008 0.738542 0.981876 0.768352 0.984617 0.682564 0.91589 0.662606 0.741566 0.528248 0.723399 0.586743 0.756661 0.536919 0.755091 0.528273 0.734837 0.500912 0.703036 0.502789 0.741566 0.473569 0.723399 0.418614 0.755091 0.473546 0.766143 0.41792 0.761838 0.500914 0.765472 0.501194 0.754536 0.523717 0.760227 0.500637 0.743134 0.523704 0.737453 0.500636 0.743134 0.477565 0.754536 0.477553 0.75387 0.519578 0.758583 0.500464 0.744433 0.519572 0.739725 0.500464 0.744433 0.481354 0.75387 0.481348 0.744676 0.502914 0.749151 0.500465 0.328138 0.328328 0.209764 0.310028 0.244407 0.503676 0.374022 0.440843 0.320264 0.687672 0.266283 0.803048 0.127533 0.705156 0.125887 0.484379 0.143969 0.353986 0.492396 0.162009 0.917223 0.0292977 0.465423 0.546218 0.503565 0.84096 0.242565 0.957087 0.979923 0.689078 1.24257 0.957087 1.26628 0.803048 1.12753 0.705156 1.06643 0.390583 0.0664252 0.390583 0.987718 0.235537 1.12589 0.484379 1.14397 0.353986 1.20976 0.310028 0.632172 0.3562 0.740173 0.257811 0.573095 0.503297 0.662482 0.630925 0.751242 0.744519 0.880858 0.753021 0.92991 0.536053 0.833684 0.356117 0.761487 0.503669</float_array>
                    <technique_common>
                        <accessor count="63" source="#ID238" stride="2">
                            <param name="S" type="float"/>
                            <param name="T" type="float"/>
                        </accessor>
                    </technique_common>
                </source>
                <vertices id="ID239">
                    <input semantic="POSITION" source="#ID233"/>
                </vertices>
                <polylist count="56" material="Material1">
                    <input offset="0" semantic="VERTEX" source="#ID239"/>
                    <input offset="1" semantic="NORMAL" source="#ID235"/>
                    <input offset="2" semantic="TEXCOORD" source="#ID237" set="0"/>
                    <vcount>3 3 3 3 3 3 3 3 3 3 3 3 3 3 3 3 3 3 3 3 3 3 3 3 3 3 3 3 3 3 3 3 3 3 3 3 3 3 3 3 3 3 3 3 3 3 3 3 3 3 3 3 3 3 3 3</vcount>
                    <p>0 2 2 1 1 1 2 0 0 0 2 2 2 0 0 3 3 3 4 6 6 5 5 5 6 4 4 4 6 6 6 4 4 7 7 7 5 5 5 8 9 9 9 8 8 5 5 5 9 8 8 6 4 4 8 9 9 10 11 11 11 10 10 8 9 9 11 10 10 9 8 8 10 11 11 12 13 13 13 12 12 10 11 11 13 12 12 11 10 10 12 13 13 14 15 15 15 14 14 12 13 13 15 14 14 13 12 12 15 14 14 7 7 7 16 16 16 15 14 14 16 16 16 17 17 17 7 7 7 6 4 4 18 18 18 7 7 7 18 18 18 16 16 16 6 4 4 9 8 8 19 19 19 6 4 4 19 19 19 18 18 18 9 8 8 11 10 10 20 20 20 9 8 8 20 20 20 19 19 19 11 10 10 13 12 12 21 21 21 11 10 10 21 21 21 20 20 20 13 12 12 15 14 14 17 17 17 13 12 12 17 17 17 21 21 21 17 17 17 16 16 16 22 22 22 17 17 17 22 22 22 23 23 23 16 16 16 18 18 18 24 24 24 16 16 16 24 24 24 22 22 22 18 18 18 19 19 19 25 25 25 18 18 18 25 25 25 24 24 24 19 19 19 20 20 20 26 26 26 19 19 19 26 26 26 25 25 25 20 20 20 21 21 21 27 27 27 20 20 20 27 27 27 26 26 26 21 21 21 17 17 17 23 23 23 21 21 21 23 23 23 27 27 27 4 6 6 14 15 15 28 28 28 5 5 5 4 6 6 28 28 28 8 9 9 5 5 5 28 28 28 10 11 11 8 9 9 28 28 28 12 13 13 10 11 11 28 28 28 14 15 15 12 13 13 28 28 28 23 23 23 22 22 22 29 29 29 22 22 22 24 24 24 29 29 29 24 24 24 25 25 25 29 29 29 25 25 25 26 26 26 29 29 29 26 26 26 27 27 27 29 29 29 27 27 27 23 23 23 29 29 29 0 2 2 14 15 15 4 6 6 4 6 6 1 1 1 0 2 2 1 1 1 4 6 6 7 7 7 7 7 7 2 0 0 1 1 1 2 0 0 7 7 7 15 14 14 15 14 14 3 3 3 2 0 0 3 3 3 15 14 14 14 15 15 14 15 15 0 2 2 3 3 3</p>
                </polylist>
                <polylist count="48" material="Material2">
                    <input offset="0" semantic="VERTEX" source="#ID239"/>
                    <input offset="1" semantic="NORMAL" source="#ID235"/>
                    <input offset="2" semantic="TEXCOORD" source="#ID237" set="0"/>
                    <vcount>3 3 3 3 3 3 3 3 3 3 3 3 3 3 3 3 3 3 3 3 3 3 3 3 3 3 3 3 3 3 3 3 3 3 3 3 3 3 3 3 3 3 3 3 3 3 3 3</vcount>
                    <p>30 32 32 31 31 31 32 30 30 30 32 32 32 30 30 33 33 33 30 32 32 33 33 33 34 34 34 30 32 32 34 34 34 35 35 35 30 32 32 35 35 35 36 36 36 30 32 32 36 36 36 37 37 37 30 32 32 37 37 37 38 38 38 30 32 32 38 38 38 31 31 31 31 31 31 39 40 40 40 39 39 31 31 31 40 39 39 32 30 30 32 30 30 40 39 39 41 41 41 32 30 30 41 41 41 33 33 33 33 33 33 41 41 41 42 42 42 33 33 33 42 42 42 34 34 34 34 34 34 42 42 42 43 43 43 34 34 34 43 43 43 35 35 35 35 35 46 43 43 45 44 44 44 35 35 46 44 44 44 36 36 47 36 36 47 44 44 44 45 45 48 36 36 36 45 45 49 37 37 37 37 37 51 45 45 48 46 46 50 37 37 51 46 46 50 38 38 52 38 38 52 46 46 50 39 40 40 38 38 52 39 40 40 31 31 53 39 40 40 47 48 55 48 47 54 39 40 40 48 47 54 40 39 39 40 39 39 48 47 54 49 49 56 40 39 39 49 49 56 41 41 41 41 41 41 49 49 56 50 50 57 41 41 41 50 50 57 42 42 42 42 42 42 50 50 57 51 51 58 42 42 42 51 51 58 43 43 45 43 43 45 51 51 58 52 52 59 43 43 45 52 52 59 44 44 44 44 44 44 52 52 59 53 53 60 44 44 44 53 53 60 45 45 48 45 45 48 53 53 60 54 54 61 45 45 48 54 54 61 46 46 50 46 46 50 54 54 61 47 48 55 46 46 50 47 48 55 39 40 40 55 55 62 54 54 61 53 53 60 55 55 62 53 53 60 52 52 59 55 55 62 52 52 59 51 51 58 55 55 62 51 51 58 50 50 57 55 55 62 50 50 57 49 49 56 55 55 62 49 49 56 48 47 54 55 55 62 48 47 54 47 48 55 55 55 62 47 48 55 54 54 61</p>
                </polylist>
            </mesh>
        </geometry>
        <geometry id="ID241">
            <mesh>
                <source id="ID242">
                    <float_array id="ID243" count="168">2.17504 1.26926 0.0747781 1.83038 1.86623 0.0747765 1.83038 1.86623 0.888691 2.17504 1.26926 0.888691 0.170942 0.631431 4.48673 -0.51838 0.631431 1.79469 -0.51838 0.631431 5.89887 0.170942 0.631431 5.89887 -0.86304 0.0344618 1.79469 -0.86304 0.0344618 5.89887 -0.51838 -0.562509 1.79469 -0.51838 -0.562509 5.89887 0.170942 -0.562509 1.79469 0.170942 -0.562509 5.89887 0.515602 0.0344618 4.48673 0.515602 0.0344618 5.89887 0.243358 0.756861 8.50747 0.660436 0.0344618 8.50747 -0.590797 0.756861 8.50747 -1.00788 0.0344618 8.50747 -0.590797 -0.687937 8.50747 0.243358 -0.687937 8.50747 0.300233 0.855371 11.7143 0.774184 0.0344618 11.7143 -0.647671 0.855371 11.7143 -1.12162 0.0344618 11.7143 -0.647671 -0.786447 11.7143 0.300233 -0.786447 11.7143 -0.17372 0.0344618 1.79469 -0.17372 0.0344618 11.7143 0.0708284 0.0592451 -3.43299 0.821067 -2.09575 -2.68718 -1.7332 -1.76888 -2.35927 -2.66089 -0.573324 -2.0105 -1.64985 2.10255 -2.52721 -0.368349 3.30225 -2.10066 2.48075 2.38501 -2.04596 3.49024 -0.198973 -2.75969 2.49061 -1.74576 -2.51008 0.274444 -3.85512 0.066188 -1.994 -2.90565 -0.154569 -4.47574 0.575677 -0.802468 -2.33394 3.52922 -0.0501301 -0.0597378 3.88417 -0.540593 4.44207 2.64892 0.337017 3.98079 -1.34642 -1.41977 2.72743 -2.6276 0.0735109 -0.317708 -3.00705 2.65142 -3.06103 -1.81191 2.31527 -4.61894 0.0592451 1.5673 -2.71544 1.88737 3.07772 -0.0594898 3.07496 2.65142 2.97924 3.65939 2.01723 3.93401 0.446567 1.31258 2.06987 -1.76888 2.6594 0.239112 0.0592435 3.25842</float_array>
                    <technique_common>
                        <accessor count="56" source="#ID243" stride="3">
                            <param name="X" type="float"/>
                            <param name="Y" type="float"/>
                            <param name="Z" type="float"/>
                        </accessor>
                    </technique_common>
                </source>
                <source id="ID244">
                    <float_array id="ID245" count="168">0.695143 0.692569 0.192679 -0.546766 0.811196 -0.207383 0.56703 -0.529617 -0.630858 0.967679 -0.217098 0.128317 -0.499711 0.865748 -0.0277343 -0.304866 0.855607 -0.418321 -0.149775 0.903408 -0.401774 0.0845123 0.995533 0.042103 -0.999615 0.000111335 -0.0277343 -0.78335 -0.150755 -0.603023 -0.499904 -0.865636 -0.0277339 -0.261117 -0.753778 -0.603023 0.499712 -0.865748 -0.0277339 0.798905 -0.468598 -0.377051 0.993946 -0.0575063 0.0936178 0.855146 -0.455996 -0.246561 0.499426 0.865164 -0.0454458 0.998967 6.57769e-05 -0.0454457 -0.49954 0.865098 -0.0454458 -0.998967 -6.58228e-05 -0.0454459 -0.499427 -0.865163 -0.0454458 0.49954 -0.865098 -0.0454455 0.530908 0.613039 0.585081 0.796362 -0.15326 0.585081 -0.265454 0.766299 0.585081 -0.796361 0.15326 0.585081 -0.530907 -0.61304 0.585081 0.265454 -0.766299 0.585081 0.542046 0.312951 -0.779902 0 0 1 -0.472296 -0.486039 -0.735325 -0.0485384 -0.680071 -0.731538 -0.0596763 0.015257 -0.998101 -0.592127 0.0652416 -0.803199 -0.531925 0.512002 -0.67447 0.0141184 0.770166 -0.637688 0.544577 0.512446 -0.663955 0.580561 -0.241199 -0.777671 0.398441 -0.624903 -0.671372 -0.560187 -0.788732 -0.253163 -0.00266986 -0.993436 -0.114362 -0.909734 0.0388341 -0.413372 -0.554695 0.808607 -0.196131 -0.0941446 0.982419 -0.161215 0.758808 0.620086 -0.199257 0.953775 -0.27921 -0.11115 0.565257 -0.824465 -0.0272274 -0.52444 -0.626094 0.577034 0.0843339 -0.707639 0.701523 -0.837031 -0.249188 0.487118 -0.553346 0.494919 0.669972 -0.0750105 0.745206 0.662602 0.439966 0.591009 0.676121 0.77126 -0.0996941 0.628665 0.61086 -0.410912 0.676757 0.0581923 -0.0199451 0.998106</float_array>
                    <technique_common>
                        <accessor count="56" source="#ID245" stride="3">
                            <param name="X" type="float"/>
                            <param name="Y" type="float"/>
                            <param name="Z" type="float"/>
                        </accessor>
                    </technique_common>
                </source>
                <source id="ID246">
                    <float_array id="ID247" count="126">0.904008 0.738542 0.981876 0.768352 0.984617 0.682564 0.91589 0.662606 0.741566 0.528248 0.723399 0.586743 0.756661 0.536919 0.755091 0.528273 0.734837 0.500912 0.703036 0.502789 0.741566 0.473569 0.723399 0.418614 0.755091 0.473546 0.766143 0.41792 0.761838 0.500914 0.765472 0.501194 0.754536 0.523717 0.760227 0.500637 0.743134 0.523704 0.737453 0.500636 0.743134 0.477565 0.754536 0.477553 0.75387 0.519578 0.758583 0.500464 0.744433 0.519572 0.739725 0.500464 0.744433 0.481354 0.75387 0.481348 0.744676 0.502914 0.749151 0.500465 0.328138 0.328328 0.209764 0.310028 0.244407 0.503676 0.374022 0.440843 0.320264 0.687672 0.266283 0.803048 0.127533 0.705156 0.125887 0.484379 0.143969 0.353986 0.492396 0.162009 0.917223 0.0292977 0.465423 0.546218 0.503565 0.84096 0.242565 0.957087 0.979923 0.689078 1.24257 0.957087 1.26628 0.803048 1.12753 0.705156 1.06643 0.390583 0.0664252 0.390583 0.987718 0.235537 1.12589 0.484379 1.14397 0.353986 1.20976 0.310028 0.632172 0.3562 0.740173 0.257811 0.573095 0.503297 0.662482 0.630925 0.751242 0.744519 0.880858 0.753021 0.92991 0.536053 0.833684 0.356117 0.761487 0.503669</float_array>
                    <technique_common>
                        <accessor count="63" source="#ID247" stride="2">
                            <param name="S" type="float"/>
                            <param name="T" type="float"/>
                        </accessor>
                    </technique_common>
                </source>
                <vertices id="ID248">
                    <input semantic="POSITION" source="#ID242"/>
                </vertices>
                <polylist count="56" material="Material1">
                    <input offset="0" semantic="VERTEX" source="#ID248"/>
                    <input offset="1" semantic="NORMAL" source="#ID244"/>
                    <input offset="2" semantic="TEXCOORD" source="#ID246" set="0"/>
                    <vcount>3 3 3 3 3 3 3 3 3 3 3 3 3 3 3 3 3 3 3 3 3 3 3 3 3 3 3 3 3 3 3 3 3 3 3 3 3 3 3 3 3 3 3 3 3 3 3 3 3 3 3 3 3 3 3 3</vcount>
                    <p>0 2 2 1 1 1 2 0 0 0 2 2 2 0 0 3 3 3 4 6 6 5 5 5 6 4 4 4 6 6 6 4 4 7 7 7 5 5 5 8 9 9 9 8 8 5 5 5 9 8 8 6 4 4 8 9 9 10 11 11 11 10 10 8 9 9 11 10 10 9 8 8 10 11 11 12 13 13 13 12 12 10 11 11 13 12 12 11 10 10 12 13 13 14 15 15 15 14 14 12 13 13 15 14 14 13 12 12 15 14 14 7 7 7 16 16 16 15 14 14 16 16 16 17 17 17 7 7 7 6 4 4 18 18 18 7 7 7 18 18 18 16 16 16 6 4 4 9 8 8 19 19 19 6 4 4 19 19 19 18 18 18 9 8 8 11 10 10 20 20 20 9 8 8 20 20 20 19 19 19 11 10 10 13 12 12 21 21 21 11 10 10 21 21 21 20 20 20 13 12 12 15 14 14 17 17 17 13 12 12 17 17 17 21 21 21 17 17 17 16 16 16 22 22 22 17 17 17 22 22 22 23 23 23 16 16 16 18 18 18 24 24 24 16 16 16 24 24 24 22 22 22 18 18 18 19 19 19 25 25 25 18 18 18 25 25 25 24 24 24 19 19 19 20 20 20 26 26 26 19 19 19 26 26 26 25 25 25 20 20 20 21 21 21 27 27 27 20 20 20 27 27 27 26 26 26 21 21 21 17 17 17 23 23 23 21 21 21 23 23 23 27 27 27 4 6 6 14 15 15 28 28 28 5 5 5 4 6 6 28 28 28 8 9 9 5 5 5 28 28 28 10 11 11 8 9 9 28 28 28 12 13 13 10 11 11 28 28 28 14 15 15 12 13 13 28 28 28 23 23 23 22 22 22 29 29 29 22 22 22 24 24 24 29 29 29 24 24 24 25 25 25 29 29 29 25 25 25 26 26 26 29 29 29 26 26 26 27 27 27 29 29 29 27 27 27 23 23 23 29 29 29 0 2 2 14 15 15 4 6 6 4 6 6 1 1 1 0 2 2 1 1 1 4 6 6 7 7 7 7 7 7 2 0 0 1 1 1 2 0 0 7 7 7 15 14 14 15 14 14 3 3 3 2 0 0 3 3 3 15 14 14 14 15 15 14 15 15 0 2 2 3 3 3</p>
                </polylist>
                <polylist count="48" material="Material2">
                    <input offset="0" semantic="VERTEX" source="#ID248"/>
                    <input offset="1" semantic="NORMAL" source="#ID244"/>
                    <input offset="2" semantic="TEXCOORD" source="#ID246" set="0"/>
                    <vcount>3 3 3 3 3 3 3 3 3 3 3 3 3 3 3 3 3 3 3 3 3 3 3 3 3 3 3 3 3 3 3 3 3 3 3 3 3 3 3 3 3 3 3 3 3 3 3 3</vcount>
                    <p>30 32 32 31 31 31 32 30 30 30 32 32 32 30 30 33 33 33 30 32 32 33 33 33 34 34 34 30 32 32 34 34 34 35 35 35 30 32 32 35 35 35 36 36 36 30 32 32 36 36 36 37 37 37 30 32 32 37 37 37 38 38 38 30 32 32 38 38 38 31 31 31 31 31 31 39 40 40 40 39 39 31 31 31 40 39 39 32 30 30 32 30 30 40 39 39 41 41 41 32 30 30 41 41 41 33 33 33 33 33 33 41 41 41 42 42 42 33 33 33 42 42 42 34 34 34 34 34 34 42 42 42 43 43 43 34 34 34 43 43 43 35 35 35 35 35 46 43 43 45 44 44 44 35 35 46 44 44 44 36 36 47 36 36 47 44 44 44 45 45 48 36 36 36 45 45 49 37 37 37 37 37 51 45 45 48 46 46 50 37 37 51 46 46 50 38 38 52 38 38 52 46 46 50 39 40 40 38 38 52 39 40 40 31 31 53 39 40 40 47 48 55 48 47 54 39 40 40 48 47 54 40 39 39 40 39 39 48 47 54 49 49 56 40 39 39 49 49 56 41 41 41 41 41 41 49 49 56 50 50 57 41 41 41 50 50 57 42 42 42 42 42 42 50 50 57 51 51 58 42 42 42 51 51 58 43 43 45 43 43 45 51 51 58 52 52 59 43 43 45 52 52 59 44 44 44 44 44 44 52 52 59 53 53 60 44 44 44 53 53 60 45 45 48 45 45 48 53 53 60 54 54 61 45 45 48 54 54 61 46 46 50 46 46 50 54 54 61 47 48 55 46 46 50 47 48 55 39 40 40 55 55 62 54 54 61 53 53 60 55 55 62 53 53 60 52 52 59 55 55 62 52 52 59 51 51 58 55 55 62 51 51 58 50 50 57 55 55 62 50 50 57 49 49 56 55 55 62 49 49 56 48 47 54 55 55 62 48 47 54 47 48 55 55 55 62 47 48 55 54 54 61</p>
                </polylist>
            </mesh>
        </geometry>
        <geometry id="ID250">
            <mesh>
                <source id="ID251">
                    <float_array id="ID252" count="168">2.93132 1.71059 0.100779 2.46682 2.51513 0.100777 2.46682 2.51513 1.1977 2.93132 1.71059 1.1977 0.23038 0.850985 6.0468 -0.698625 0.850985 2.41872 -0.698625 0.850985 7.94996 0.23038 0.850985 7.94996 -1.16313 0.0464445 2.41872 -1.16313 0.0464445 7.94996 -0.698625 -0.758098 2.41872 -0.698625 -0.758098 7.94996 0.23038 -0.758098 2.41872 0.23038 -0.758098 7.94996 0.694882 0.0464445 6.0468 0.694882 0.0464445 7.94996 0.327976 1.02003 11.4656 0.890075 0.0464445 11.4656 -0.796223 1.02003 11.4656 -1.35832 0.0464445 11.4656 -0.796223 -0.927139 11.4656 0.327976 -0.927139 11.4656 0.404627 1.15279 15.7875 1.04338 0.0464445 15.7875 -0.872872 1.15279 15.7875 -1.51162 0.0464445 15.7875 -0.872872 -1.0599 15.7875 0.404627 -1.0599 15.7875 -0.234123 0.0464445 2.41872 -0.234123 0.0464445 15.7875 0.0954561 0.0798452 -4.62668 1.10656 -2.82446 -3.62154 -2.33585 -2.38393 -3.1796 -3.5861 -0.772674 -2.70957 -2.22352 2.83362 -3.40595 -0.496427 4.45047 -2.83107 3.34333 3.2143 -2.75736 4.70383 -0.268158 -3.71926 3.35662 -2.35277 -3.38286 0.36987 -5.19558 0.0892022 -2.68733 -3.91597 -0.208313 -6.03199 0.775844 -1.08149 -3.14548 4.75636 -0.0675608 -0.0805092 5.23473 -0.728562 5.98662 3.56998 0.454201 5.36495 -1.81458 -1.91343 3.67579 -3.54124 0.0990714 -0.428178 -4.05263 3.57335 -4.12538 -2.44193 3.12031 -6.22498 0.0798452 2.11227 -3.65962 2.54362 4.14787 -0.080175 4.14415 3.57335 4.01514 4.93179 2.71864 5.30191 0.601843 1.76898 2.78958 -2.38393 3.5841 0.322254 0.079843 4.39141</float_array>
                    <technique_common>
                        <accessor count="56" source="#ID252" stride="3">
                            <param name="X" type="float"/>
                            <param name="Y" type="float"/>
                            <param name="Z" type="float"/>
                        </accessor>
                    </technique_common>
                </source>
                <source id="ID253">
                    <float_array id="ID254" count="168">0.695143 0.692569 0.192679 -0.546766 0.811196 -0.207383 0.56703 -0.529617 -0.630858 0.967679 -0.217098 0.128317 -0.499711 0.865748 -0.0277343 -0.304867 0.855607 -0.418321 -0.149775 0.903408 -0.401774 0.0845123 0.995533 0.042103 -0.999615 0.000111358 -0.0277343 -0.78335 -0.150755 -0.603023 -0.499904 -0.865636 -0.0277339 -0.261117 -0.753778 -0.603023 0.499712 -0.865748 -0.0277339 0.798905 -0.468598 -0.377051 0.993946 -0.0575063 0.0936179 0.855146 -0.455996 -0.246561 0.499426 0.865164 -0.0454458 0.998967 6.57769e-05 -0.0454457 -0.49954 0.865098 -0.0454458 -0.998967 -6.58171e-05 -0.0454459 -0.499427 -0.865163 -0.0454458 0.49954 -0.865098 -0.0454455 0.530908 0.613039 0.585081 0.796362 -0.15326 0.585081 -0.265454 0.766299 0.585081 -0.796361 0.15326 0.585081 -0.530907 -0.61304 0.585081 0.265454 -0.766299 0.585081 0.542046 0.312951 -0.779902 0 0 1 -0.472296 -0.486039 -0.735325 -0.0485384 -0.680071 -0.731538 -0.0596762 0.0152569 -0.998101 -0.592127 0.0652416 -0.803199 -0.531925 0.512002 -0.67447 0.0141184 0.770166 -0.637688 0.544577 0.512446 -0.663955 0.580561 -0.241199 -0.777671 0.398441 -0.624903 -0.671372 -0.560188 -0.788732 -0.253163 -0.0026699 -0.993436 -0.114362 -0.909734 0.038834 -0.413372 -0.554695 0.808607 -0.196131 -0.0941446 0.982419 -0.161215 0.758808 0.620086 -0.199257 0.953775 -0.27921 -0.11115 0.565257 -0.824465 -0.0272274 -0.52444 -0.626094 0.577034 0.0843339 -0.707639 0.701523 -0.837031 -0.249188 0.487118 -0.553346 0.494919 0.669972 -0.0750105 0.745206 0.662602 0.439966 0.591009 0.676121 0.77126 -0.0996941 0.628665 0.61086 -0.410912 0.676757 0.0581923 -0.0199451 0.998106</float_array>
                    <technique_common>
                        <accessor count="56" source="#ID254" stride="3">
                            <param name="X" type="float"/>
                            <param name="Y" type="float"/>
                            <param name="Z" type="float"/>
                        </accessor>
                    </technique_common>
                </source>
                <source id="ID255">
                    <float_array id="ID256" count="126">0.904008 0.738542 0.981876 0.768352 0.984617 0.682564 0.91589 0.662606 0.741566 0.528248 0.723399 0.586743 0.756661 0.536919 0.755091 0.528273 0.734837 0.500912 0.703036 0.502789 0.741566 0.473569 0.723399 0.418614 0.755091 0.473546 0.766143 0.41792 0.761838 0.500914 0.765472 0.501194 0.754536 0.523717 0.760227 0.500637 0.743134 0.523704 0.737453 0.500636 0.743134 0.477565 0.754536 0.477553 0.75387 0.519578 0.758583 0.500464 0.744433 0.519572 0.739725 0.500464 0.744433 0.481354 0.75387 0.481348 0.744676 0.502914 0.749151 0.500465 0.328138 0.328328 0.209764 0.310028 0.244407 0.503676 0.374022 0.440843 0.320264 0.687672 0.266283 0.803048 0.127533 0.705156 0.125887 0.484379 0.143969 0.353986 0.492396 0.162009 0.917223 0.0292977 0.465423 0.546218 0.503565 0.84096 0.242565 0.957087 0.979923 0.689078 1.24257 0.957087 1.26628 0.803048 1.12753 0.705156 1.06643 0.390583 0.0664252 0.390583 0.987718 0.235537 1.12589 0.484379 1.14397 0.353986 1.20976 0.310028 0.632172 0.3562 0.740173 0.257811 0.573095 0.503297 0.662482 0.630925 0.751242 0.744519 0.880858 0.753021 0.92991 0.536053 0.833684 0.356117 0.761487 0.503669</float_array>
                    <technique_common>
                        <accessor count="63" source="#ID256" stride="2">
                            <param name="S" type="float"/>
                            <param name="T" type="float"/>
                        </accessor>
                    </technique_common>
                </source>
                <vertices id="ID257">
                    <input semantic="POSITION" source="#ID251"/>
                </vertices>
                <polylist count="56" material="Material1">
                    <input offset="0" semantic="VERTEX" source="#ID257"/>
                    <input offset="1" semantic="NORMAL" source="#ID253"/>
                    <input offset="2" semantic="TEXCOORD" source="#ID255" set="0"/>
                    <vcount>3 3 3 3 3 3 3 3 3 3 3 3 3 3 3 3 3 3 3 3 3 3 3 3 3 3 3 3 3 3 3 3 3 3 3 3 3 3 3 3 3 3 3 3 3 3 3 3 3 3 3 3 3 3 3 3</vcount>
                    <p>0 2 2 1 1 1 2 0 0 0 2 2 2 0 0 3 3 3 4 6 6 5 5 5 6 4 4 4 6 6 6 4 4 7 7 7 5 5 5 8 9 9 9 8 8 5 5 5 9 8 8 6 4 4 8 9 9 10 11 11 11 10 10 8 9 9 11 10 10 9 8 8 10 11 11 12 13 13 13 12 12 10 11 11 13 12 12 11 10 10 12 13 13 14 15 15 15 14 14 12 13 13 15 14 14 13 12 12 15 14 14 7 7 7 16 16 16 15 14 14 16 16 16 17 17 17 7 7 7 6 4 4 18 18 18 7 7 7 18 18 18 16 16 16 6 4 4 9 8 8 19 19 19 6 4 4 19 19 19 18 18 18 9 8 8 11 10 10 20 20 20 9 8 8 20 20 20 19 19 19 11 10 10 13 12 12 21 21 21 11 10 10 21 21 21 20 20 20 13 12 12 15 14 14 17 17 17 13 12 12 17 17 17 21 21 21 17 17 17 16 16 16 22 22 22 17 17 17 22 22 22 23 23 23 16 16 16 18 18 18 24 24 24 16 16 16 24 24 24 22 22 22 18 18 18 19 19 19 25 25 25 18 18 18 25 25 25 24 24 24 19 19 19 20 20 20 26 26 26 19 19 19 26 26 26 25 25 25 20 20 20 21 21 21 27 27 27 20 20 20 27 27 27 26 26 26 21 21 21 17 17 17 23 23 23 21 21 21 23 23 23 27 27 27 4 6 6 14 15 15 28 28 28 5 5 5 4 6 6 28 28 28 8 9 9 5 5 5 28 28 28 10 11 11 8 9 9 28 28 28 12 13 13 10 11 11 28 28 28 14 15 15 12 13 13 28 28 28 23 23 23 22 22 22 29 29 29 22 22 22 24 24 24 29 29 29 24 24 24 25 25 25 29 29 29 25 25 25 26 26 26 29 29 29 26 26 26 27 27 27 29 29 29 27 27 27 23 23 23 29 29 29 0 2 2 14 15 15 4 6 6 4 6 6 1 1 1 0 2 2 1 1 1 4 6 6 7 7 7 7 7 7 2 0 0 1 1 1 2 0 0 7 7 7 15 14 14 15 14 14 3 3 3 2 0 0 3 3 3 15 14 14 14 15 15 14 15 15 0 2 2 3 3 3</p>
                </polylist>
                <polylist count="48" material="Material2">
                    <input offset="0" semantic="VERTEX" source="#ID257"/>
                    <input offset="1" semantic="NORMAL" source="#ID253"/>
                    <input offset="2" semantic="TEXCOORD" source="#ID255" set="0"/>
                    <vcount>3 3 3 3 3 3 3 3 3 3 3 3 3 3 3 3 3 3 3 3 3 3 3 3 3 3 3 3 3 3 3 3 3 3 3 3 3 3 3 3 3 3 3 3 3 3 3 3</vcount>
                    <p>30 32 32 31 31 31 32 30 30 30 32 32 32 30 30 33 33 33 30 32 32 33 33 33 34 34 34 30 32 32 34 34 34 35 35 35 30 32 32 35 35 35 36 36 36 30 32 32 36 36 36 37 37 37 30 32 32 37 37 37 38 38 38 30 32 32 38 38 38 31 31 31 31 31 31 39 40 40 40 39 39 31 31 31 40 39 39 32 30 30 32 30 30 40 39 39 41 41 41 32 30 30 41 41 41 33 33 33 33 33 33 41 41 41 42 42 42 33 33 33 42 42 42 34 34 34 34 34 34 42 42 42 43 43 43 34 34 34 43 43 43 35 35 35 35 35 46 43 43 45 44 44 44 35 35 46 44 44 44 36 36 47 36 36 47 44 44 44 45 45 48 36 36 36 45 45 49 37 37 37 37 37 51 45 45 48 46 46 50 37 37 51 46 46 50 38 38 52 38 38 52 46 46 50 39 40 40 38 38 52 39 40 40 31 31 53 39 40 40 47 48 55 48 47 54 39 40 40 48 47 54 40 39 39 40 39 39 48 47 54 49 49 56 40 39 39 49 49 56 41 41 41 41 41 41 49 49 56 50 50 57 41 41 41 50 50 57 42 42 42 42 42 42 50 50 57 51 51 58 42 42 42 51 51 58 43 43 45 43 43 45 51 51 58 52 52 59 43 43 45 52 52 59 44 44 44 44 44 44 52 52 59 53 53 60 44 44 44 53 53 60 45 45 48 45 45 48 53 53 60 54 54 61 45 45 48 54 54 61 46 46 50 46 46 50 54 54 61 47 48 55 46 46 50 47 48 55 39 40 40 55 55 62 54 54 61 53 53 60 55 55 62 53 53 60 52 52 59 55 55 62 52 52 59 51 51 58 55 55 62 51 51 58 50 50 57 55 55 62 50 50 57 49 49 56 55 55 62 49 49 56 48 47 54 55 55 62 48 47 54 47 48 55 55 55 62 47 48 55 54 54 61</p>
                </polylist>
            </mesh>
        </geometry>
        <geometry id="ID259">
            <mesh>
                <source id="ID260">
                    <float_array id="ID261" count="747">124.921 -103.75 41.24 121.617 -92.1884 35.0893 129.415 -97.4736 35.1675 203.607 -108.587 43.0731 198.95 -101.221 39.3296 204.003 -100.616 42.4523 198.919 -109.359 42.5681 198.402 33.3753 36.1486 193.471 41.881 36.2691 198.262 42.3818 39.9568 110.336 51.8013 40.9717 114.993 43.2664 38.4639 109.94 43.6647 40.7098 115.024 52.4078 40.5941 110.078 -32.8863 40.2117 115.012 -19.7714 33.4845 115 -30.7622 30.6863 109.928 -18.5189 40.6108 163.515 -39.1797 -7.84023 153.992 -31.9407 -8.0131 160.255 -28.6039 -7.48329 157.773 -45.1176 -8.29374 156.972 52.2817 39.4931 150.97 42.1727 30.9455 150.97 52.271 39.398 156.972 42.2355 31.5018 162.973 42.2447 31.5829 162.973 52.2826 39.5009 162.977 -19.5134 -4.7767 165.855 -28.1468 -5.3798 198.419 -21.4303 24.8441 193.475 -21.4545 17.1163 198.419 -10.6312 30.0725 203.57 -10.5915 38.7343 198.931 -36.4038 25.2334 204.003 -29.6272 39.3801 165.347 -49.691 -5.30991 160.357 -54.6711 -5.28955 146.963 -109.086 39.7926 162.973 -103.227 27.3439 162.973 -109.662 40.5959 151.529 -102.456 27.3057 145.41 -102.155 27.691 150.443 -96.0338 16.2321 115.017 -41.5521 28.114 109.891 -42.7022 35.926 110.906 -73.2894 32.402 116.483 -64.8356 27.4587 117.774 -78.3728 30.253 110.083 -62.1126 31.9884 133.45 -73.0378 13.0102 128.474 -62.3148 15.9108 133.303 -57.5674 8.94967 130.631 -77.4305 18.9454 126.565 -46.1309 12.8137 121.461 -42.5705 18.9121 126.088 -35.0052 13.6211 140.489 -60.8871 1.93698 138.995 -76.2274 6.7289 150.97 -78.0451 1.1735 148.113 -66.0664 -3.65563 153.84 -66.4431 -2.34055 156.633 -78.9492 3.31291 150.946 -87.6265 7.94935 156.936 -87.5661 8.7419 137.496 -83.2176 13.3974 132.174 -108.097 41.8047 137.466 -99.9733 31.6862 138.806 -109.137 41.3047 174.413 -102.52 26.0449 175.49 -95.3231 18.3546 180.396 -101.557 31.4641 180.977 -75.361 11.6138 174.994 -86.1933 10.9449 174.976 -77.5928 5.48761 180.977 -84.3636 17.4842 162.967 -87.8069 6.65759 162.797 -79.4032 1.69882 161.47 -67.4372 -1.88583 174.964 -68.6106 1.93836 180.977 -67.2607 5.46045 180.649 -38.4995 0.559476 173.452 -49.4133 -2.69117 172.31 -39.1868 -3.7643 180.801 -48.8902 0.0191512 186.973 -46.7319 4.20747 186.967 -36.2712 4.94501 186.978 -65.4122 11.6629 186.978 -73.8499 19.0649 204.024 -69.8776 41.3951 198.95 -61.4082 30.3075 204.024 -59.6001 40.557 198.95 -71.0639 34.6354 204.024 12.6333 39.8609 198.931 0.909627 31.4404 198.95 11.2529 31.146 204.003 2.20088 39.9892 180.977 9.01437 20.1314 186.978 -2.45743 15.8824 180.977 -4.26553 10.2656 186.978 9.51117 21.1744 186.991 -25.4256 7.63403 180.801 -28.1696 0.203491 173.471 -28.7358 -2.93037 174.97 -6.1211 4.17954 174.976 6.08746 10.4234 156.972 2.71471 -1.03316 162.973 -8.16873 -3.28063 156.983 -8.2709 -4.43085 162.973 2.74584 -0.838909 162.973 16.3935 10.1084 156.972 16.3764 9.99806 174.976 18.4898 18.3267 180.977 20.3381 25.5293 180.977 52.3552 40.1442 174.976 42.4871 33.6895 174.976 52.3203 39.8353 180.977 42.7025 35.5563 132.966 52.3543 40.1364 138.967 42.4149 33.0495 132.966 42.694 35.4809 138.967 52.3087 39.7324 132.966 7.93553 20.5879 138.967 18.3978 17.6907 138.967 5.4759 10.3704 132.966 20.299 25.5405 150.97 16.321 9.46676 150.97 2.72027 -1.06537 150.982 -8.30943 -4.54468 139.005 -11.2908 4.31173 132.959 -13.1891 12.9694 140.003 -28.9918 -1.6568 147.231 -34.6961 -7.0323 142.108 -43.4905 -2.55118 121.448 -22.7123 24.1237 126.424 -23.4304 17.9124 126.946 -7.13406 20.0482 126.965 9.08018 22.7204 109.919 12.6577 40.0764 114.993 1.24104 34.2371 109.919 2.36995 40.4965 114.993 11.4086 32.5254 114.993 21.9127 34.0129 109.919 23.0094 40.2233 126.965 20.5794 26.6068 126.965 42.7311 35.8014 126.965 52.3581 40.1697 186.997 42.7001 35.808 186.978 52.2864 40.1706 186.978 20.5261 25.9564 192.98 31.5771 31.2755 198.931 21.8732 33.3727 192.98 20.634 26.3582 198.95 -81.2914 35.3362 204.024 -80.188 41.5894 186.978 -83.4149 22.8228 178.97 -109.024 40.0622 186.96 -101.972 34.5102 186.885 -109.494 41.7383 113.844 -84.5351 36.5628 110.925 -63.4545 37.1468 112.507 -65.0084 41.6575 109.933 -51.3421 31.6113 117.131 -95.8657 41.4193 126.794 -83.2167 26.6703 180.977 -93.4663 23.7144 186.978 -93.05 26.6434 192.98 -92.6427 29.5499 192.98 -101.811 35.944 192.98 -109.492 42.0097 192.98 -72.4581 26.6985 192.98 -82.5363 28.2242 204.024 -90.4998 41.771 198.95 -91.5318 35.9225 203.134 33.3535 40.3945 203.982 22.9978 40.1204 192.98 9.80679 22.0978 180.977 31.4002 30.2729 186.978 31.4609 30.7131 192.974 50.8288 40.1936 132.966 31.3849 30.137 126.965 31.4689 30.7835 120.963 31.5903 31.4018 120.963 42.793 36.1127 120.963 52.3646 40.2019 120.963 10.0444 24.5599 120.963 20.7638 27.5069 109.919 33.3706 40.4279 114.993 32.5011 36.0196 120.963 -0.718522 26.9338 120.963 -11.5485 29.1114 114.993 -8.9642 35.8434 109.919 -7.92196 40.9049 132.773 -37.1295 5.87849 120.969 -32.7811 20.3327 145.318 -20.5624 -6.24866 151.201 -50.7732 -7.5206 144.969 3.07246 0.211386 144.981 -8.65843 -3.54309 157.321 -18.8791 -6.60648 151.322 -19.2338 -6.86998 144.969 16.5046 9.91131 144.969 30.0341 20.4554 150.97 30.0667 20.826 156.972 30.1768 21.8011 138.967 30.7021 25.2308 144.969 52.264 39.3363 144.969 42.1437 30.6886 174.976 30.8299 26.3631 168.974 30.2591 22.4483 168.974 42.2717 31.8226 168.974 52.2854 39.5264 168.974 3.15928 0.622884 168.974 16.6336 11.0537 162.973 30.194 21.9533 168.963 -7.79537 -1.44151 168.636 -18.3958 -2.56867 180.965 -17.4723 0.982309 174.8 -18.1135 -1.29106 186.978 -14.4299 10.7845 192.98 -11.2327 21.5676 192.98 -32.7049 10.6445 192.98 -0.677771 21.9317 192.98 -63.4781 18.852 192.98 -54.4527 11.034 198.95 -51.1747 25.9719 204.024 -47.9699 39.7009 180.965 -59.0197 0.0637844 186.978 -56.903 4.66562 192.98 -43.7284 9.96338 174.788 -59.4461 -1.13702 168.297 -59.1122 -2.1902 168.963 -79.623 0.478907 168.787 -69.4761 -0.937461 168.998 -87.8505 5.17925 169.631 -95.7623 11.6521 162.973 -95.6724 12.9675 156.315 -95.4376 15.057 136.277 -89.6488 20.8661 144.642 -94.737 15.7543 145.296 -79.0046 0.487099 144.805 -87.257 7.57546 121.29 -52.963 19.7118 123.642 -67.1317 22.6773 115.169 -52.4834 26.1041 132.176 -98.8784 42.9188 193.051 -103.448 43.5214 188.916 35.4363 41.3403 120.892 44.0182 41.5759</float_array>
                    <technique_common>
                        <accessor count="249" source="#ID261" stride="3">
                            <param name="X" type="float"/>
                            <param name="Y" type="float"/>
                            <param name="Z" type="float"/>
                        </accessor>
                    </technique_common>
                </source>
                <source id="ID262">
                    <float_array id="ID263" count="0"/>
                    <technique_common>
                        <accessor count="0" source="#ID263" stride="3">
                            <param name="X" type="float"/>
                            <param name="Y" type="float"/>
                            <param name="Z" type="float"/>
                        </accessor>
                    </technique_common>
                </source>
                <vertices id="ID264">
                    <input semantic="POSITION" source="#ID260"/>
                </vertices>
            </mesh>
        </geometry>
        <geometry id="ID266">
            <mesh>
                <source id="ID267">
                    <float_array id="ID268" count="12">-124.28 0 81.2488 124.28 0 81.2488 -124.28 0 -81.2488 124.28 0 -81.2488</float_array>
                    <technique_common>
                        <accessor count="4" source="#ID268" stride="3">
                            <param name="X" type="float"/>
                            <param name="Y" type="float"/>
                            <param name="Z" type="float"/>
                        </accessor>
                    </technique_common>
                </source>
                <source id="ID269">
                    <float_array id="ID270" count="3">0 1 -0</float_array>
                    <technique_common>
                        <accessor count="1" source="#ID270" stride="3">
                            <param name="X" type="float"/>
                            <param name="Y" type="float"/>
                            <param name="Z" type="float"/>
                        </accessor>
                    </technique_common>
                </source>
                <source id="ID271">
                    <float_array id="ID272" count="8">0 0 0 1 1 1 1 0</float_array>
                    <technique_common>
                        <accessor count="4" source="#ID272" stride="2">
                            <param name="S" type="float"/>
                            <param name="T" type="float"/>
                        </accessor>
                    </technique_common>
                </source>
                <vertices id="ID273">
                    <input semantic="POSITION" source="#ID267"/>
                </vertices>
                <polylist count="1" material="Material1">
                    <input offset="0" semantic="VERTEX" source="#ID273"/>
                    <input offset="1" semantic="NORMAL" source="#ID269"/>
                    <input offset="2" semantic="TEXCOORD" source="#ID271" set="0"/>
                    <vcount>4</vcount>
                    <p>1 0 3 3 0 2 2 0 1 0 0 0</p>
                </polylist>
            </mesh>
        </geometry>
        <geometry id="ID277">
            <mesh>
                <source id="ID278">
                    <float_array id="ID279" count="417">-124.232 98.983 -1.45613 -246.647 -29.8838 -16.2758 -244.161 -122.1 -23.4387 20.4121 -303.892 -27.6376 50.0028 -242.94 -21.7097 66.1387 69.3296 3.48377 30.0295 118.242 5.95372 -67.0787 86.9285 -0.221156 -246.913 -30.4326 -9.30246 -69.1671 -254.806 -20.1702 20.1456 -304.441 -20.6642 161.954 -109.671 0.0833458 149.02 6.4472 8.72817 65.8723 68.7807 10.4571 -67.3452 86.3796 6.75221 -218.083 -178.696 -26.8966 -169.727 -195.894 -26.4026 -131.319 -227.093 -27.3906 -68.9007 -254.257 -27.1436 -31.5585 -300.63 -29.3666 139.045 -176.328 -13.0649 162.221 -109.122 -6.89002 145.107 -60.0164 -3.67908 149.287 6.99603 1.7548 -32.1387 126.455 4.22475 -124.498 98.4342 5.51723 -244.428 -122.649 -16.4653 -218.349 -179.245 -19.9232 -169.994 -196.443 -19.4292 -131.586 -227.642 -20.4172 -31.8249 -301.179 -22.3932 49.7363 -243.488 -14.7363 138.779 -176.876 -6.09153 144.84 -60.5652 3.29428 29.763 117.693 12.9271 -32.4051 125.906 11.1981 -120.042 84.256 4.57159 -233.783 -35.4793 -9.19796 -231.514 -119.682 -15.7384 -208.844 -168.88 -18.7443 -163.551 -184.989 -18.2816 -124.786 -216.478 -19.2787 -61.0606 -244.21 -19.0265 -25.3115 -288.605 -21.1547 12.2385 -290.962 -19.9054 39.4107 -234.991 -14.4621 127.787 -168.877 -5.88196 148.209 -109.657 -0.440729 131.712 -62.3235 2.6543 135.619 0.305844 7.73278 56.5567 59.5765 9.37678 22.6014 105.571 11.6994 -27.2165 112.153 10.3139 -62.5882 72.1379 5.81308 -91.2714 34.3619 49.7049 -171.563 -50.3441 50.9494 -170.051 -109.828 51.5406 -154.124 -144.56 51.8123 -122.217 -155.893 51.7704 -94.9277 -178.098 51.8606 -50.0416 -197.624 51.8378 -24.8911 -228.949 52.0301 1.57249 -230.575 51.9172 20.7821 -191.006 51.4252 83.1399 -144.208 50.6497 97.5952 -102.35 50.1579 86.0176 -68.9284 49.8782 88.8363 -24.6794 49.4192 33.1732 17.1105 49.2706 9.28867 49.5685 49.0606 -25.8171 54.1661 49.1859 -50.7893 25.8607 49.5927 -38.3335 -58.8198 145.041 -42.9426 -63.6718 144.483 -42.8506 -67.0839 144.218 -41.932 -69.0775 144.096 -40.0966 -69.7303 144.115 -38.5257 -71.0063 144.075 -35.9434 -72.1301 144.085 -34.4948 -73.9291 143.999 -32.9731 -74.0246 144.049 -31.8721 -71.7565 144.27 -28.2908 -69.0774 144.618 -27.4633 -66.6776 144.838 -28.1317 -64.7596 144.964 -27.9734 -62.2217 145.169 -31.1773 -59.8199 145.236 -32.5532 -57.956 145.33 -34.572 -57.6893 145.274 -36.0053 -59.3108 145.092 -108.783 -116.93 -17.8592 9.36208 33.9909 -1.46689 -67.546 -0.580151 -7.12632 -90.3786 -26.9665 -10.0754 -68.3359 -148.504 -18.7987 69.1353 -7.40394 -2.441 -120.367 -61.6219 -13.9488 -67.044 -4.21373e-14 -7.06148 -106.758 -126.596 -18.5426 84.5871 -62.1085 -6.1561 26.9891 -120.67 -12.9659 -49.0895 -159.477 -18.927 13.3098 35.7471 -1.17783 67.044 1.39181e-14 -1.93818 -106.758 -126.596 -1.1724e-13 -120.367 -61.6219 -1.84741e-13 -67.044 -3.83027e-14 -1.26121e-13 67.044 1.32949e-14 1.27676e-13 84.5871 -62.1085 1.9984e-13 26.9891 -120.67 1.35003e-13 -49.0895 -159.477 2.13163e-14 13.3098 35.7471 3.10862e-15 -67.044 -2.7822e-14 -7.06148 -120.367 -61.6219 -13.9488 84.5871 -62.1085 -6.1561 -106.758 -126.596 -18.5426 -49.0895 -159.477 -18.927 26.9891 -120.67 -12.9659 13.3098 35.7471 -1.17783 67.044 -2.69964e-16 -1.93818 -90.3786 -26.9665 -10.0754 -108.783 -116.93 -17.8592 -67.546 -0.580151 -7.12632 9.36208 33.9909 -1.46689 -68.3359 -148.504 -18.7987 69.1353 -7.40394 -2.441 -124.365 98.7086 2.03055 -156.515 29.2383 -17.3458 -207.84 -112.173 -30.4365 -118.403 -54.483 -13.3119 -100.11 -240.675 -27.2671 -68.6183 -201.381 -22.9712 -87.5471 -137.55 -18.6707 -119.039 -176.845 -22.9666 -93.3789 -188.186 -34.7386 -124.365 98.7086 2.03055 -9.93896 -246.253 -39.3726 97.8578 -150.854 -20.6282 37.3098 -155.416 -22.4234</float_array>
                    <technique_common>
                        <accessor count="139" source="#ID279" stride="3">
                            <param name="X" type="float"/>
                            <param name="Y" type="float"/>
                            <param name="Z" type="float"/>
                        </accessor>
                    </technique_common>
                </source>
                <source id="ID280">
                    <float_array id="ID281" count="570">-0.72628 0.686895 0.0263126 -0.998914 -0.0238154 -0.0400402 -0.973154 -0.223541 -0.0547753 -0.907717 -0.414153 -0.0672771 -0.333058 -0.938919 -0.0866228 -0.488412 -0.868265 -0.0869978 -0.478618 -0.873698 -0.087051 -0.518198 -0.850848 -0.0867648 -0.605403 -0.791323 -0.0854114 -0.397235 -0.913576 -0.0870799 -0.53817 -0.838381 -0.0865465 -0.778287 -0.622949 -0.0787654 -0.0597725 -0.994954 -0.0805902 0.899595 -0.436725 4.36672e-07 0.771981 -0.635315 -0.0205061 0.601024 -0.798236 -0.0398613 0.945023 -0.326839 0.0103839 0.943746 0.324878 0.0616285 0.989994 0.132599 0.0482618 0.997347 -0.064889 0.0329989 0.59877 0.796339 0.0855527 0.708939 0.700462 0.0822164 0.803978 0.589636 0.0771255 0.12826 0.988288 0.0826834 -0.750334 0.660647 0.0233269 0.203889 0.975336 0.0845537 -0.17318 0.169912 -0.970123 0.0188177 0.140363 -0.989921 -0.0771017 0.255266 -0.963792 0.0522719 0.0846303 -0.99504 0.025642 0.0295276 -0.999235 -0.0241727 0.0277892 -0.999322 -0.109625 0.0101372 -0.993921 0.117186 0.0492888 -0.991886 0.0380631 0.0784049 -0.996195 -0.0438109 0.0582618 -0.99734 0.0380632 0.0784049 -0.996195 0.0380634 0.0784046 -0.996195 0.0380631 0.0784049 -0.996195 -0.00570304 -0.0167679 -0.999843 0.0462533 0.0897643 -0.994888 -0.0633524 0.0949185 -0.993467 -0.0522363 0.0871744 -0.994823 0.147326 0.0721117 -0.986456 0.176831 0.129764 -0.97565 0.0977131 0.19535 -0.975854 -0.0416365 0.141498 -0.989063 0.038063 0.0784049 -0.996195 0.191088 -0.102544 -0.976202 0.0353122 -0.0117153 -0.999308 0.0465065 -0.106067 -0.993271 -0.0739012 0.208429 -0.975242 0.138296 0.0440653 -0.98941 0.0606797 0.101794 -0.992953 0.0380631 0.0784049 -0.996195 -0.0149113 0.154342 -0.987905 -0.0795753 0.175046 -0.981339 0.038063 0.0784049 -0.996195 0.0380631 0.0784049 -0.996195 0.0380631 0.0784049 -0.996195 0.134302 0.0277701 -0.990551 0.0380631 0.0784049 -0.996195 0.0380631 0.0784049 -0.996195 0.0380631 0.0784049 -0.996195 0.0380631 0.0784049 -0.996195 0.0380631 0.0784049 -0.996195 0.0380631 0.0784049 -0.996195 -0.0380633 -0.0784057 0.996195 -0.0380631 -0.0784053 0.996195 -0.0380635 -0.0784054 0.996195 -0.0380642 -0.0784043 0.996195 -0.0380622 -0.0784054 0.996195 -0.0380637 -0.0784046 0.996195 -0.0380616 -0.0784058 0.996195 -0.0422436 -0.303091 0.952025 -0.0380631 -0.0784049 0.996195 -0.0380631 -0.0784049 0.996195 -0.0380631 -0.0784049 0.996195 -0.0380661 -0.0784026 0.996195 -0.0380652 -0.0784037 0.996195 -0.0380631 -0.0784049 0.996195 -0.0380631 -0.0784049 0.996195 -0.0380636 -0.0784053 0.996195 -0.0380633 -0.0784058 0.996195 -0.0380631 -0.0784049 0.996195 -0.0380623 -0.0784058 0.996195 -0.0380631 -0.0784053 0.996195 -0.0380614 -0.0784062 0.996195 -0.0380631 -0.0784049 0.996195 -0.0380631 -0.0784049 0.996195 -0.0380631 -0.0784049 0.996195 -0.0380631 -0.0784049 0.996195 -0.0380631 -0.0784049 0.996195 -0.0380631 -0.0784049 0.996195 -0.0380631 -0.0784049 0.996195 -0.0380631 -0.0784049 0.996195 -0.0380631 -0.0784049 0.996195 -0.0380631 -0.0784049 0.996195 -0.508057 0.447952 0.735675 -0.511037 0.449804 0.732474 -0.602697 0.211281 0.769491 -0.714261 -0.0415208 0.698646 -0.63224 -0.169844 0.755926 -0.704114 -0.187362 0.684922 -0.447106 -0.527349 0.722495 -0.678786 -0.329164 0.656431 -0.290754 -0.811635 0.506667 -0.359431 -0.648986 0.670542 -0.407424 -0.734462 0.542744 -0.375083 -0.62145 0.687832 -0.42702 -0.707157 0.563544 -0.465804 -0.601541 0.64898 -0.519827 -0.676361 0.521839 -0.622091 -0.51264 0.591779 -0.683816 -0.559578 0.468261 -0.0571453 -0.771477 0.633686 -0.0514423 -0.651343 0.757037 0.785445 -0.402604 0.470092 0.694044 -0.364591 0.620788 0.556721 -0.478946 0.678729 0.638832 -0.54034 0.547655 0.518047 -0.417073 0.746778 0.588123 -0.470723 0.657671 0.655861 -0.0165923 0.754699 0.71136 -0.0214518 0.7025 0.674492 0.0710373 0.734857 0.709502 0.0769567 0.700489 0.672821 -0.0687133 0.736607 0.706584 -0.0699822 0.70416 0.393299 0.514936 0.76168 0.405745 0.531781 0.743357 0.485028 0.466402 0.739741 0.471196 0.452097 0.757353 0.326338 0.516773 0.791485 0.313953 0.483365 0.817185 0.0693027 0.599951 0.797029 0.062203 0.549156 0.833402 -0.562039 0.464918 0.684079 -0.599186 0.500094 0.625206 0.141363 0.702772 0.697229 0.14656 0.726408 0.671455 -0.514006 0.451645 0.729256 -0.570493 0.211395 0.793631 -0.554068 -0.150627 0.818731 -0.37522 -0.443972 0.813694 -0.302427 -0.547232 0.780432 -0.313779 -0.520223 0.794299 -0.400843 -0.512635 0.759296 -0.547136 -0.454799 0.702709 0.58008 -0.314725 0.751302 0.46039 -0.405214 0.789837 0.440797 -0.357615 0.823292 0.596967 -0.011671 0.802181 0.637913 0.0649573 0.767364 0.637583 -0.0672936 0.767437 0.417877 0.548215 0.724458 0.498526 0.480385 0.721597 0.573634 0.407216 0.710717 0.0761285 0.648374 0.757506 -0.632688 0.532229 0.562529 0.151573 0.749136 0.644841 0.978763 0.204995 1.80186e-07 0.978763 0.204995 9.00932e-08 0.978763 0.204995 -0 0.534417 -0.845221 2.01418e-07 0.653529 -0.756901 7.76997e-06 0.756193 -0.654349 5.54667e-06 0.756193 -0.654349 -0 0.756193 -0.654349 -3.135e-07 0.756193 -0.654348 1.10933e-05 0.406464 -0.913667 5.9139e-07 0.406464 -0.913667 2.95695e-07 -0.553887 -0.832592 2.91356e-15 -0.962347 -0.271823 4.75606e-16 -0.962347 -0.271823 -0 -0.962347 -0.271823 9.51212e-16 -0.591319 0.806438 -0 -0.712948 0.701217 -0 -0.454395 0.8908 -0 0.495316 0.868713 -1.46726e-07 0.495315 0.868713 -7.33631e-08 0.495315 0.868713 -0 1.90424e-15 -6.6291e-16 -1 1.91872e-15 -7.3938e-16 -1 1.88335e-15 -7.02254e-16 -1 1.92322e-15 -8.40789e-16 -1 1.89326e-15 -6.72122e-16 -1 1.89276e-15 -6.39515e-16 -1 1.85928e-15 -6.61392e-16 -1 1.79231e-15 -6.55658e-16 -1</float_array>
                    <technique_common>
                        <accessor count="190" source="#ID281" stride="3">
                            <param name="X" type="float"/>
                            <param name="Y" type="float"/>
                            <param name="Z" type="float"/>
                        </accessor>
                    </technique_common>
                </source>
                <source id="ID282">
                    <float_array id="ID283" count="212">0 1 0 0 0.134801 0 0.134801 1 0.204733 0 0.204733 1 0.251902 0 0.251902 1 0.290693 0 0.290693 1 0.328099 0 0.328099 1 0.379549 1 0.353824 1 0.379549 0 0.424579 0 0.424579 1 0.463957 0 0.463957 1 0.515361 0 0.515361 1 0.59966 0 0.59966 1 0.59966 1 0.65359 0 0.65359 1 0.692968 0 0.692968 1 0.692968 1 0.74388 0 0.74388 1 0.822431 0 0.822431 1 0.868419 0 0.868419 1 0.915831 0 0.915831 1 0.955844 0 0.955844 1 1 0 1 1 0 1 1.11022e-16 1 0.137934 0 0.0549389 0 0.0250487 0 0.00245589 0.000715256 0.00155418 0 0 0.00298464 0.0197915 0.010878 0.0588924 0.0226324 4.44089e-16 1 0.050981 0 0.0589368 0 0.0211775 0.00231707 0 0.0202448 0.0145289 0 0.0637509 0.0258919 2.22045e-16 1 0 0.0133765 0 0.041617 0 0.016327 2.22045e-15 1 0 0.00649846 0.00143609 0.00213408 0 0.00218511 0.000684118 0 0 0.0269947 2.55351e-15 1 0.0023913 0 0.0207825 0.0471901 0.0235033 0 8.88178e-16 1 0.0158631 0.00357091 7.77156e-16 1 0.0124482 0.0181695 0.0182894 0 1.22125e-15 1 6.66134e-16 1 0 0.00160909 0.0110015 0.031826 0.00343638 0 0.110857 1 0.110857 0.302561 0.0164923 0.107042 1.30129e-17 0.0728705 0.24694 1 0.24694 0.646926 0.187388 0.496228 0.245658 0.643684 0.393804 1 0.393804 0.941108 0.386589 0.926655 0.24694 1 0.501579 1 0.501579 0.903091 0.609354 1 0.609354 0.692195 0.514427 0.87795 0.746523 1 0.746523 0.351706 0.889143 1 0.889143 0.0536479 0.746523 1 1 0.0728705 0.92614 0.0600632</float_array>
                    <technique_common>
                        <accessor count="106" source="#ID283" stride="2">
                            <param name="S" type="float"/>
                            <param name="T" type="float"/>
                        </accessor>
                    </technique_common>
                </source>
                <vertices id="ID284">
                    <input semantic="POSITION" source="#ID278"/>
                </vertices>
                <polylist count="104" material="Material1">
                    <input offset="0" semantic="VERTEX" source="#ID284"/>
                    <input offset="1" semantic="NORMAL" source="#ID280"/>
                    <input offset="2" semantic="TEXCOORD" source="#ID282" set="0"/>
                    <vcount>4 4 4 4 4 3 3 3 4 4 4 4 4 4 4 4 4 4 4 4 3 4 4 4 4 3 4 4 4 4 4 4 4 4 4 4 4 4 4 4 4 4 4 4 4 4 4 4 4 4 4 4 4 4 4 4 4 4 4 4 4 4 4 4 4 4 4 4 4 4 4 4 4 4 4 4 4 4 4 4 4 4 4 4 3 3 3 3 3 4 3 4 3 4 4 4 4 3 3 3 3 3 3 3</vcount>
                    <p>1 0 3 8 0 2 25 0 1 0 0 0 2 2 5 26 2 4 8 1 2 1 1 3 15 3 7 27 3 6 26 2 4 2 2 5 16 5 9 28 5 8 27 4 6 15 4 7 17 7 11 29 6 10 28 5 8 16 5 9 9 10 14 130 9 13 18 8 12 29 6 10 17 7 11 130 9 13 9 10 14 29 6 10 130 9 13 19 11 16 30 11 15 9 10 14 18 8 12 3 12 18 10 12 17 30 12 15 19 12 16 4 14 20 31 14 19 10 13 17 3 13 18 20 15 22 32 15 21 31 14 19 4 14 20 21 16 25 11 16 24 32 16 21 20 16 23 22 18 27 33 18 26 11 17 24 21 17 25 23 19 30 12 19 29 33 18 26 22 18 28 5 21 32 13 21 31 12 20 29 23 20 30 6 22 34 34 22 33 13 21 31 5 21 32 24 23 36 35 23 35 34 23 33 6 23 34 7 24 38 14 24 37 35 24 35 24 24 36 0 25 40 25 25 39 14 25 37 7 25 38 73 69 0 89 68 0 72 67 0 77 72 0 78 71 0 84 70 0 89 68 0 78 71 0 79 74 0 80 74 0 81 73 0 8 76 0 37 76 0 36 75 0 25 75 0 26 77 0 38 77 0 37 76 0 8 76 0 82 79 0 83 78 0 84 70 0 27 80 0 39 80 0 38 77 0 26 77 0 28 81 0 40 81 0 39 80 0 27 80 0 73 69 0 74 83 0 75 83 0 76 82 0 29 84 0 41 84 0 40 81 0 28 81 0 85 86 0 86 85 0 89 68 0 84 70 0 82 79 0 84 70 0 78 71 0 81 73 0 86 85 0 87 87 0 88 87 0 89 68 0 73 69 0 76 82 0 77 72 0 89 68 0 9 88 0 42 88 0 41 84 0 29 84 0 30 89 0 43 89 0 42 88 0 9 88 0 10 90 1 44 90 39 43 89 40 30 89 41 31 91 1 45 91 39 44 90 40 10 90 0 32 92 1 46 92 39 45 91 40 31 91 0 11 93 1 47 93 39 46 92 40 32 92 0 33 94 1 48 94 39 47 93 40 11 93 0 12 93 1 49 93 39 48 94 40 33 94 0 13 95 1 50 95 39 49 93 40 12 93 0 34 96 1 51 96 39 50 95 40 13 95 0 35 97 1 52 97 39 51 96 40 34 96 41 14 96 1 53 96 39 52 97 40 35 97 0 25 75 1 36 75 39 53 96 40 14 96 42 37 98 43 55 100 39 54 99 40 36 98 0 38 103 44 56 102 39 55 100 40 37 101 0 39 105 45 57 104 39 56 102 40 38 103 42 40 108 46 58 107 39 57 104 40 39 106 0 41 110 1 59 109 39 58 107 40 40 108 0 42 112 47 60 111 39 59 109 40 41 110 0 43 114 1 61 113 39 60 111 40 42 112 0 44 115 48 62 116 39 61 116 40 43 115 0 45 120 49 63 119 39 62 118 40 44 117 0 46 122 50 64 121 39 63 119 40 45 120 0 47 124 52 65 123 39 64 121 40 46 122 51 48 126 1 66 125 39 65 123 40 47 124 0 49 128 53 67 127 39 66 125 40 48 126 0 50 132 54 68 131 39 67 130 40 49 129 0 51 134 55 69 133 39 68 131 40 50 132 42 52 136 56 70 135 39 69 133 40 51 134 0 53 137 57 71 138 39 70 138 40 52 137 0 36 139 59 54 140 39 71 140 40 53 139 58 55 100 60 73 142 39 72 141 40 54 99 0 56 102 61 74 143 39 73 142 40 55 100 0 57 104 63 75 144 39 74 143 40 56 102 62 58 107 64 76 145 39 75 144 40 57 104 0 59 109 65 77 146 39 76 145 40 58 107 0 60 111 66 78 147 39 77 146 40 59 109 58 61 113 67 79 148 39 78 147 40 60 111 0 62 116 69 80 74 39 79 74 40 61 116 68 63 119 70 81 150 39 80 149 40 62 118 68 64 121 71 82 151 39 81 150 40 63 119 0 65 123 73 83 152 39 82 151 40 64 121 72 66 125 75 84 153 39 83 152 40 65 123 74 67 127 76 85 154 39 84 153 40 66 125 0 68 131 1 86 156 39 85 155 40 67 130 77 69 133 1 87 157 39 86 156 40 68 131 78 70 135 79 88 158 39 87 158 40 69 133 51 71 138 80 89 159 39 88 159 40 70 138 0 54 140 81 72 160 39 89 160 40 71 140 78 104 162 41 121 162 84 113 161 83 105 161 82 121 162 84 104 162 41 115 163 85 105 166 82 112 165 87 106 164 86 120 168 88 105 166 82 113 167 83 122 169 89 105 166 82 120 168 88 122 169 89 112 165 87 105 166 82 106 164 93 123 171 92 118 170 91 111 170 90 123 171 92 106 164 93 112 165 87 111 172 90 118 172 91 119 172 95 107 172 94 125 173 98 114 174 97 108 173 96 125 173 98 108 173 96 107 175 94 119 175 95 108 177 96 114 177 97 117 176 100 109 176 99 109 176 103 117 176 100 116 178 102 110 178 101 110 180 101 124 180 105 115 179 104 104 179 40 124 180 105 110 180 101 116 181 102 109 184 0 104 183 0 105 182 0 110 185 0 104 183 0 109 184 0 109 184 0 105 182 0 106 186 0 107 188 0 106 186 0 111 187 0 109 184 0 106 186 0 107 188 0 109 184 0 107 188 0 108 189 0</p>
                </polylist>
                <polylist count="46" material="Material2">
                    <input offset="0" semantic="VERTEX" source="#ID284"/>
                    <input offset="1" semantic="NORMAL" source="#ID280"/>
                    <input offset="2" semantic="TEXCOORD" source="#ID282" set="0"/>
                    <vcount>3 3 3 3 3 3 3 3 3 4 3 3 3 4 4 4 4 3 3 3 3 3 3 3 3 3 3 3 3 3 3 3 3 3 3 3 3 3 3 3 3 3 4 3 3 3</vcount>
                    <p>0 28 0 127 27 0 1 26 0 0 28 0 7 29 0 127 27 0 2 32 0 128 31 0 16 30 0 2 32 0 1 26 0 128 31 0 127 27 0 128 31 0 1 26 0 129 33 0 16 30 0 128 31 0 127 27 0 7 29 0 129 33 0 127 27 0 129 33 0 128 31 0 16 30 0 15 34 0 2 32 0 96 37 0 90 36 0 17 35 0 16 30 0 7 29 0 93 38 0 96 37 0 96 37 0 129 33 0 7 29 0 96 37 0 16 30 0 129 33 0 133 41 0 134 40 0 130 39 0 17 35 0 134 40 0 131 43 0 18 42 0 130 39 0 132 45 0 94 44 0 131 43 0 134 40 0 98 46 0 132 45 0 134 40 0 133 41 0 90 36 0 133 41 0 17 35 0 90 36 0 98 46 0 133 41 0 93 38 0 7 29 0 92 47 0 19 50 0 136 49 0 4 48 0 19 50 0 18 42 0 136 49 0 138 51 0 136 49 0 18 42 0 137 52 0 4 48 0 136 49 0 138 51 0 22 53 0 137 52 0 138 51 0 137 52 0 136 49 0 101 54 0 131 43 0 94 44 0 101 54 0 18 42 0 131 43 0 99 55 0 95 38 0 22 53 0 18 42 0 101 54 0 100 56 0 100 56 0 138 51 0 18 42 0 99 55 0 22 53 0 138 51 0 100 56 0 99 55 0 138 51 0 7 29 0 91 58 0 97 57 0 97 57 0 92 47 0 7 29 0 4 48 0 3 59 0 19 50 0 20 60 0 137 52 0 22 53 0 20 60 0 4 48 0 137 52 0 22 53 0 21 61 0 20 60 0 5 63 0 23 62 0 22 53 0 102 64 0 91 58 0 7 29 0 102 64 0 7 29 0 5 63 0 5 63 0 22 53 0 95 38 0 103 38 0 103 38 0 102 64 0 5 63 0 7 29 0 6 65 0 5 63 0 7 29 0 24 66 0 6 65 0</p>
                </polylist>
            </mesh>
        </geometry>
    </library_geometries>
    <library_lights>
        <light id="ID153" name="Light.1.3">
            <technique_common>
                <point>
                    <color>1 1 1</color>
                </point>
            </technique_common>
        </light>
        <light id="ID155" name="Light.1.2">
            <technique_common>
                <point>
                    <color>1 1 1</color>
                </point>
            </technique_common>
        </light>
        <light id="ID157" name="Light.1.1">
            <technique_common>
                <point>
                    <color>1 1 1</color>
                </point>
            </technique_common>
        </light>
        <light id="ID275" name="Light">
            <technique_common>
                <point>
                    <color>1 1 1</color>
                </point>
            </technique_common>
        </light>
    </library_lights>
    <library_visual_scenes>
        <visual_scene id="ID24">
            <node id="ID25" name="LakePoint">
                <translate sid="translate">-106.064 7.08675 41.696</translate>
                <rotate sid="rotateY">0 1 0 -0</rotate>
                <rotate sid="rotateX">1 0 0 0</rotate>
                <rotate sid="rotateZ">0 0 1 -45</rotate>
                <scale sid="scale">1 1 1</scale>
                <instance_geometry url="#ID26">
                    <bind_material>
                        <technique_common>
                            <instance_material symbol="Material1" target="#ID3">
                                <bind_vertex_input semantic="UVSET0" input_semantic="TEXCOORD" input_set="0"/>
                            </instance_material>
                        </technique_common>
                    </bind_material>
                </instance_geometry>
            </node>
            <node id="ID34" name="ForestPoint">
                <translate sid="translate">143.1 13.8167 -49.7869</translate>
                <rotate sid="rotateY">0 1 0 -0</rotate>
                <rotate sid="rotateX">1 0 0 0</rotate>
                <rotate sid="rotateZ">0 0 1 -45</rotate>
                <scale sid="scale">1 1 1</scale>
                <instance_geometry url="#ID35">
                    <bind_material>
                        <technique_common>
                            <instance_material symbol="Material1" target="#ID3">
                                <bind_vertex_input semantic="UVSET0" input_semantic="TEXCOORD" input_set="0"/>
                            </instance_material>
                        </technique_common>
                    </bind_material>
                </instance_geometry>
            </node>
            <node id="ID43" name="MountainPoint">
                <translate sid="translate">75.1594 17.3193 -178.411</translate>
                <rotate sid="rotateY">0 1 0 -0</rotate>
                <rotate sid="rotateX">1 0 0 0</rotate>
                <rotate sid="rotateZ">0 0 1 -45</rotate>
                <scale sid="scale">1 1 1</scale>
                <instance_geometry url="#ID44">
                    <bind_material>
                        <technique_common>
                            <instance_material symbol="Material1" target="#ID3">
                                <bind_vertex_input semantic="UVSET0" input_semantic="TEXCOORD" input_set="0"/>
                            </instance_material>
                        </technique_common>
                    </bind_material>
                </instance_geometry>
            </node>
            <node id="ID52" name="Landscape.3">
                <translate sid="translate">22.201 30.9434 -148.267</translate>
                <rotate sid="rotateY">0 1 0 284.791</rotate>
                <rotate sid="rotateX">1 0 0 0</rotate>
                <rotate sid="rotateZ">0 0 1 -0</rotate>
                <scale sid="scale">1 1 1</scale>
                <instance_geometry url="#ID53">
                    <bind_material>
                        <technique_common>
                            <instance_material symbol="Material1" target="#ID5">
                                <bind_vertex_input semantic="UVSET0" input_semantic="TEXCOORD" input_set="0"/>
                            </instance_material>
                        </technique_common>
                    </bind_material>
                </instance_geometry>
            </node>
            <node id="ID61" name="Landscape.2">
                <translate sid="translate">125.915 35.1795 -123.974</translate>
                <rotate sid="rotateY">0 1 0 41.9846</rotate>
                <rotate sid="rotateX">1 0 0 0</rotate>
                <rotate sid="rotateZ">0 0 1 -0</rotate>
                <scale sid="scale">1 1 1</scale>
                <instance_geometry url="#ID62">
                    <bind_material>
                        <technique_common>
                            <instance_material symbol="Material1" target="#ID5">
                                <bind_vertex_input semantic="UVSET0" input_semantic="TEXCOORD" input_set="0"/>
                            </instance_material>
                        </technique_common>
                    </bind_material>
                </instance_geometry>
            </node>
            <node id="ID70" name="simpleTree.17">
                <translate sid="translate">176.638 17.8743 -12.2519</translate>
                <rotate sid="rotateY">0 1 0 0</rotate>
                <rotate sid="rotateX">1 0 0 90</rotate>
                <rotate sid="rotateZ">0 0 1 -60.2977</rotate>
                <scale sid="scale">1 1 1</scale>
                <instance_geometry url="#ID71">
                    <bind_material>
                        <technique_common>
                            <instance_material symbol="Material1" target="#ID13">
                                <bind_vertex_input semantic="UVSET0" input_semantic="TEXCOORD" input_set="0"/>
                            </instance_material>
                            <instance_material symbol="Material2" target="#ID11">
                                <bind_vertex_input semantic="UVSET0" input_semantic="TEXCOORD" input_set="0"/>
                            </instance_material>
                        </technique_common>
                    </bind_material>
                </instance_geometry>
            </node>
            <node id="ID79" name="simpleTree.16">
                <translate sid="translate">157.511 17.1413 -11.4389</translate>
                <rotate sid="rotateY">0 1 0 0</rotate>
                <rotate sid="rotateX">1 0 0 90</rotate>
                <rotate sid="rotateZ">0 0 1 -60.2977</rotate>
                <scale sid="scale">1 1 1</scale>
                <instance_geometry url="#ID80">
                    <bind_material>
                        <technique_common>
                            <instance_material symbol="Material1" target="#ID13">
                                <bind_vertex_input semantic="UVSET0" input_semantic="TEXCOORD" input_set="0"/>
                            </instance_material>
                            <instance_material symbol="Material2" target="#ID11">
                                <bind_vertex_input semantic="UVSET0" input_semantic="TEXCOORD" input_set="0"/>
                            </instance_material>
                        </technique_common>
                    </bind_material>
                </instance_geometry>
            </node>
            <node id="ID88" name="simpleTree.15">
                <translate sid="translate">164.929 11.1436 9.67855</translate>
                <rotate sid="rotateY">0 1 0 0</rotate>
                <rotate sid="rotateX">1 0 0 90</rotate>
                <rotate sid="rotateZ">0 0 1 -60.2977</rotate>
                <scale sid="scale">1 1 1</scale>
                <instance_geometry url="#ID89">
                    <bind_material>
                        <technique_common>
                            <instance_material symbol="Material1" target="#ID13">
                                <bind_vertex_input semantic="UVSET0" input_semantic="TEXCOORD" input_set="0"/>
                            </instance_material>
                            <instance_material symbol="Material2" target="#ID11">
                                <bind_vertex_input semantic="UVSET0" input_semantic="TEXCOORD" input_set="0"/>
                            </instance_material>
                        </technique_common>
                    </bind_material>
                </instance_geometry>
            </node>
            <node id="ID97" name="simpleTree.14">
                <translate sid="translate">160.789 19.0466 -21.3196</translate>
                <rotate sid="rotateY">0 1 0 0</rotate>
                <rotate sid="rotateX">1 0 0 90</rotate>
                <rotate sid="rotateZ">0 0 1 -48.0964</rotate>
                <scale sid="scale">1 1 1</scale>
                <instance_geometry url="#ID98">
                    <bind_material>
                        <technique_common>
                            <instance_material symbol="Material1" target="#ID13">
                                <bind_vertex_input semantic="UVSET0" input_semantic="TEXCOORD" input_set="0"/>
                            </instance_material>
                            <instance_material symbol="Material2" target="#ID11">
                                <bind_vertex_input semantic="UVSET0" input_semantic="TEXCOORD" input_set="0"/>
                            </instance_material>
                        </technique_common>
                    </bind_material>
                </instance_geometry>
            </node>
            <node id="ID106" name="simpleTree.13">
                <translate sid="translate">141.699 16.1796 -24.3181</translate>
                <rotate sid="rotateY">0 1 0 0</rotate>
                <rotate sid="rotateX">1 0 0 90</rotate>
                <rotate sid="rotateZ">0 0 1 -48.0964</rotate>
                <scale sid="scale">1 1 1</scale>
                <instance_geometry url="#ID107">
                    <bind_material>
                        <technique_common>
                            <instance_material symbol="Material1" target="#ID13">
                                <bind_vertex_input semantic="UVSET0" input_semantic="TEXCOORD" input_set="0"/>
                            </instance_material>
                            <instance_material symbol="Material2" target="#ID11">
                                <bind_vertex_input semantic="UVSET0" input_semantic="TEXCOORD" input_set="0"/>
                            </instance_material>
                        </technique_common>
                    </bind_material>
                </instance_geometry>
            </node>
            <node id="ID115" name="simpleTree.12">
                <translate sid="translate">144.71 14.8911 -2.35919</translate>
                <rotate sid="rotateY">0 1 0 0</rotate>
                <rotate sid="rotateX">1 0 0 90</rotate>
                <rotate sid="rotateZ">0 0 1 -48.0964</rotate>
                <scale sid="scale">1 1 1</scale>
                <instance_geometry url="#ID116">
                    <bind_material>
                        <technique_common>
                            <instance_material symbol="Material1" target="#ID13">
                                <bind_vertex_input semantic="UVSET0" input_semantic="TEXCOORD" input_set="0"/>
                            </instance_material>
                            <instance_material symbol="Material2" target="#ID11">
                                <bind_vertex_input semantic="UVSET0" input_semantic="TEXCOORD" input_set="0"/>
                            </instance_material>
                        </technique_common>
                    </bind_material>
                </instance_geometry>
            </node>
            <node id="ID124" name="simpleTree.11">
                <translate sid="translate">164.92 10.6805 -49.9831</translate>
                <rotate sid="rotateY">0 1 0 0</rotate>
                <rotate sid="rotateX">1 0 0 90</rotate>
                <rotate sid="rotateZ">0 0 1 -102.945</rotate>
                <scale sid="scale">1 1 1</scale>
                <instance_geometry url="#ID125">
                    <bind_material>
                        <technique_common>
                            <instance_material symbol="Material1" target="#ID13">
                                <bind_vertex_input semantic="UVSET0" input_semantic="TEXCOORD" input_set="0"/>
                            </instance_material>
                            <instance_material symbol="Material2" target="#ID11">
                                <bind_vertex_input semantic="UVSET0" input_semantic="TEXCOORD" input_set="0"/>
                            </instance_material>
                        </technique_common>
                    </bind_material>
                </instance_geometry>
            </node>
            <node id="ID133" name="simpleTree.10">
                <translate sid="translate">151.477 14.6617 -36.1007</translate>
                <rotate sid="rotateY">0 1 0 0</rotate>
                <rotate sid="rotateX">1 0 0 90</rotate>
                <rotate sid="rotateZ">0 0 1 -102.945</rotate>
                <scale sid="scale">1 1 1</scale>
                <instance_geometry url="#ID134">
                    <bind_material>
                        <technique_common>
                            <instance_material symbol="Material1" target="#ID13">
                                <bind_vertex_input semantic="UVSET0" input_semantic="TEXCOORD" input_set="0"/>
                            </instance_material>
                            <instance_material symbol="Material2" target="#ID11">
                                <bind_vertex_input semantic="UVSET0" input_semantic="TEXCOORD" input_set="0"/>
                            </instance_material>
                        </technique_common>
                    </bind_material>
                </instance_geometry>
            </node>
            <node id="ID142" name="simpleTree.9">
                <translate sid="translate">171.165 15.0941 -25.9197</translate>
                <rotate sid="rotateY">0 1 0 0</rotate>
                <rotate sid="rotateX">1 0 0 90</rotate>
                <rotate sid="rotateZ">0 0 1 -102.945</rotate>
                <scale sid="scale">1 1 1</scale>
                <instance_geometry url="#ID143">
                    <bind_material>
                        <technique_common>
                            <instance_material symbol="Material1" target="#ID13">
                                <bind_vertex_input semantic="UVSET0" input_semantic="TEXCOORD" input_set="0"/>
                            </instance_material>
                            <instance_material symbol="Material2" target="#ID11">
                                <bind_vertex_input semantic="UVSET0" input_semantic="TEXCOORD" input_set="0"/>
                            </instance_material>
                        </technique_common>
                    </bind_material>
                </instance_geometry>
            </node>
            <node id="ID151" name="Array">
                <translate sid="translate">0 -33.0412 -0</translate>
                <rotate sid="rotateY">0 1 0 -0</rotate>
                <rotate sid="rotateX">1 0 0 0</rotate>
                <rotate sid="rotateZ">0 0 1 -0</rotate>
                <scale sid="scale">1 1 1</scale>
                <node id="ID152" name="Light.1.3">
                    <translate sid="translate">0 0 -387</translate>
                    <rotate sid="rotateY">0 1 0 -0</rotate>
                    <rotate sid="rotateX">1 0 0 0</rotate>
                    <rotate sid="rotateZ">0 0 1 -0</rotate>
                    <scale sid="scale">1 1 1</scale>
                    <instance_light url="#ID153"/>
                </node>
                <node id="ID154" name="Light.1.2">
                    <translate sid="translate">335.152 0 193.5</translate>
                    <rotate sid="rotateY">0 1 0 240</rotate>
                    <rotate sid="rotateX">1 0 0 0</rotate>
                    <rotate sid="rotateZ">0 0 1 -0</rotate>
                    <scale sid="scale">1 1 1</scale>
                    <instance_light url="#ID155"/>
                </node>
                <node id="ID156" name="Light.1.1">
                    <translate sid="translate">-335.152 -0 193.5</translate>
                    <rotate sid="rotateY">0 1 0 120</rotate>
                    <rotate sid="rotateX">1 0 0 0</rotate>
                    <rotate sid="rotateZ">0 0 1 -0</rotate>
                    <scale sid="scale">1 1 1</scale>
                    <instance_light url="#ID157"/>
                </node>
            </node>
            <node id="ID158" name="Null">
                <translate sid="translate">0 0 -0</translate>
                <rotate sid="rotateY">0 1 0 -0</rotate>
                <rotate sid="rotateX">1 0 0 0</rotate>
                <rotate sid="rotateZ">0 0 1 -0</rotate>
                <scale sid="scale">1 1 1</scale>
            </node>
            <node id="ID159" name="Landscape.1">
                <translate sid="translate">88.7171 29.3514 95.5645</translate>
                <rotate sid="rotateY">0 1 0 297.953</rotate>
                <rotate sid="rotateX">1 0 0 0</rotate>
                <rotate sid="rotateZ">0 0 1 -0</rotate>
                <scale sid="scale">1 1 1</scale>
                <instance_geometry url="#ID160">
                    <bind_material>
                        <technique_common>
                            <instance_material symbol="Material1" target="#ID5">
                                <bind_vertex_input semantic="UVSET0" input_semantic="TEXCOORD" input_set="0"/>
                            </instance_material>
                        </technique_common>
                    </bind_material>
                </instance_geometry>
            </node>
            <node id="ID168" name="Landscape">
                <translate sid="translate">125.915 35.1795 -123.974</translate>
                <rotate sid="rotateY">0 1 0 41.9846</rotate>
                <rotate sid="rotateX">1 0 0 0</rotate>
                <rotate sid="rotateZ">0 0 1 -0</rotate>
                <scale sid="scale">1 1 1</scale>
                <instance_geometry url="#ID169">
                    <bind_material>
                        <technique_common>
                            <instance_material symbol="Material1" target="#ID5">
                                <bind_vertex_input semantic="UVSET0" input_semantic="TEXCOORD" input_set="0"/>
                            </instance_material>
                        </technique_common>
                    </bind_material>
                </instance_geometry>
            </node>
            <node id="ID177" name="simpleTree.8">
                <translate sid="translate">-52.2082 8.60697 123.501</translate>
                <rotate sid="rotateY">0 1 0 0</rotate>
                <rotate sid="rotateX">1 0 0 90</rotate>
                <rotate sid="rotateZ">0 0 1 -317.352</rotate>
                <scale sid="scale">1 1 1</scale>
                <instance_geometry url="#ID178">
                    <bind_material>
                        <technique_common>
                            <instance_material symbol="Material1" target="#ID13">
                                <bind_vertex_input semantic="UVSET0" input_semantic="TEXCOORD" input_set="0"/>
                            </instance_material>
                            <instance_material symbol="Material2" target="#ID11">
                                <bind_vertex_input semantic="UVSET0" input_semantic="TEXCOORD" input_set="0"/>
                            </instance_material>
                        </technique_common>
                    </bind_material>
                </instance_geometry>
            </node>
            <node id="ID186" name="simpleTree.7">
                <translate sid="translate">-48.962 10.3586 104.451</translate>
                <rotate sid="rotateY">0 1 0 0</rotate>
                <rotate sid="rotateX">1 0 0 90</rotate>
                <rotate sid="rotateZ">0 0 1 -317.352</rotate>
                <scale sid="scale">1 1 1</scale>
                <instance_geometry url="#ID187">
                    <bind_material>
                        <technique_common>
                            <instance_material symbol="Material1" target="#ID13">
                                <bind_vertex_input semantic="UVSET0" input_semantic="TEXCOORD" input_set="0"/>
                            </instance_material>
                            <instance_material symbol="Material2" target="#ID11">
                                <bind_vertex_input semantic="UVSET0" input_semantic="TEXCOORD" input_set="0"/>
                            </instance_material>
                        </technique_common>
                    </bind_material>
                </instance_geometry>
            </node>
            <node id="ID195" name="simpleTree.6">
                <translate sid="translate">-70.9582 9.07003 107.177</translate>
                <rotate sid="rotateY">0 1 0 0</rotate>
                <rotate sid="rotateX">1 0 0 90</rotate>
                <rotate sid="rotateZ">0 0 1 -317.352</rotate>
                <scale sid="scale">1 1 1</scale>
                <instance_geometry url="#ID196">
                    <bind_material>
                        <technique_common>
                            <instance_material symbol="Material1" target="#ID13">
                                <bind_vertex_input semantic="UVSET0" input_semantic="TEXCOORD" input_set="0"/>
                            </instance_material>
                            <instance_material symbol="Material2" target="#ID11">
                                <bind_vertex_input semantic="UVSET0" input_semantic="TEXCOORD" input_set="0"/>
                            </instance_material>
                        </technique_common>
                    </bind_material>
                </instance_geometry>
            </node>
            <node id="ID204" name="simpleTree.5">
                <translate sid="translate">-39.8206 12.3544 110.087</translate>
                <rotate sid="rotateY">0 1 0 0</rotate>
                <rotate sid="rotateX">1 0 0 90</rotate>
                <rotate sid="rotateZ">0 0 1 -305.151</rotate>
                <scale sid="scale">1 1 1</scale>
                <instance_geometry url="#ID205">
                    <bind_material>
                        <technique_common>
                            <instance_material symbol="Material1" target="#ID13">
                                <bind_vertex_input semantic="UVSET0" input_semantic="TEXCOORD" input_set="0"/>
                            </instance_material>
                            <instance_material symbol="Material2" target="#ID11">
                                <bind_vertex_input semantic="UVSET0" input_semantic="TEXCOORD" input_set="0"/>
                            </instance_material>
                        </technique_common>
                    </bind_material>
                </instance_geometry>
            </node>
            <node id="ID213" name="simpleTree.4">
                <translate sid="translate">-32.6217 14.1061 92.1536</translate>
                <rotate sid="rotateY">0 1 0 0</rotate>
                <rotate sid="rotateX">1 0 0 90</rotate>
                <rotate sid="rotateZ">0 0 1 -305.151</rotate>
                <scale sid="scale">1 1 1</scale>
                <instance_geometry url="#ID214">
                    <bind_material>
                        <technique_common>
                            <instance_material symbol="Material1" target="#ID13">
                                <bind_vertex_input semantic="UVSET0" input_semantic="TEXCOORD" input_set="0"/>
                            </instance_material>
                            <instance_material symbol="Material2" target="#ID11">
                                <bind_vertex_input semantic="UVSET0" input_semantic="TEXCOORD" input_set="0"/>
                            </instance_material>
                        </technique_common>
                    </bind_material>
                </instance_geometry>
            </node>
            <node id="ID222" name="simpleTree.3">
                <translate sid="translate">-54.697 12.8175 90.1683</translate>
                <rotate sid="rotateY">0 1 0 0</rotate>
                <rotate sid="rotateX">1 0 0 90</rotate>
                <rotate sid="rotateZ">0 0 1 -305.151</rotate>
                <scale sid="scale">1 1 1</scale>
                <instance_geometry url="#ID223">
                    <bind_material>
                        <technique_common>
                            <instance_material symbol="Material1" target="#ID13">
                                <bind_vertex_input semantic="UVSET0" input_semantic="TEXCOORD" input_set="0"/>
                            </instance_material>
                            <instance_material symbol="Material2" target="#ID11">
                                <bind_vertex_input semantic="UVSET0" input_semantic="TEXCOORD" input_set="0"/>
                            </instance_material>
                        </technique_common>
                    </bind_material>
                </instance_geometry>
            </node>
            <node id="ID231" name="simpleTree.2">
                <translate sid="translate">-12.8109 15.2921 120.533</translate>
                <rotate sid="rotateY">0 1 0 0</rotate>
                <rotate sid="rotateX">1 0 0 90</rotate>
                <rotate sid="rotateZ">0 0 1 -0</rotate>
                <scale sid="scale">1 1 1</scale>
                <instance_geometry url="#ID232">
                    <bind_material>
                        <technique_common>
                            <instance_material symbol="Material1" target="#ID13">
                                <bind_vertex_input semantic="UVSET0" input_semantic="TEXCOORD" input_set="0"/>
                            </instance_material>
                            <instance_material symbol="Material2" target="#ID11">
                                <bind_vertex_input semantic="UVSET0" input_semantic="TEXCOORD" input_set="0"/>
                            </instance_material>
                        </technique_common>
                    </bind_material>
                </instance_geometry>
            </node>
            <node id="ID240" name="simpleTree.1">
                <translate sid="translate">-23.3291 10.3586 104.322</translate>
                <rotate sid="rotateY">0 1 0 0</rotate>
                <rotate sid="rotateX">1 0 0 90</rotate>
                <rotate sid="rotateZ">0 0 1 -0</rotate>
                <scale sid="scale">1 1 1</scale>
                <instance_geometry url="#ID241">
                    <bind_material>
                        <technique_common>
                            <instance_material symbol="Material1" target="#ID13">
                                <bind_vertex_input semantic="UVSET0" input_semantic="TEXCOORD" input_set="0"/>
                            </instance_material>
                            <instance_material symbol="Material2" target="#ID11">
                                <bind_vertex_input semantic="UVSET0" input_semantic="TEXCOORD" input_set="0"/>
                            </instance_material>
                        </technique_common>
                    </bind_material>
                </instance_geometry>
            </node>
            <node id="ID249" name="simpleTree">
                <translate sid="translate">-37.6618 11.1448 121.229</translate>
                <rotate sid="rotateY">0 1 0 0</rotate>
                <rotate sid="rotateX">1 0 0 90</rotate>
                <rotate sid="rotateZ">0 0 1 -0</rotate>
                <scale sid="scale">1 1 1</scale>
                <instance_geometry url="#ID250">
                    <bind_material>
                        <technique_common>
                            <instance_material symbol="Material1" target="#ID13">
                                <bind_vertex_input semantic="UVSET0" input_semantic="TEXCOORD" input_set="0"/>
                            </instance_material>
                            <instance_material symbol="Material2" target="#ID11">
                                <bind_vertex_input semantic="UVSET0" input_semantic="TEXCOORD" input_set="0"/>
                            </instance_material>
                        </technique_common>
                    </bind_material>
                </instance_geometry>
            </node>
            <node id="ID258" name="sand">
                <translate sid="translate">0 34.4551 -2.10977e-15</translate>
                <rotate sid="rotateY">0 1 0 0</rotate>
                <rotate sid="rotateX">1 0 0 90</rotate>
                <rotate sid="rotateZ">0 0 1 -0</rotate>
                <scale sid="scale">1 1 1</scale>
                <instance_geometry url="#ID259"/>
            </node>
            <node id="ID265" name="Plane">
                <translate sid="translate">13.379 -1 -5.68705</translate>
                <rotate sid="rotateY">0 1 0 23.029</rotate>
                <rotate sid="rotateX">1 0 0 0</rotate>
                <rotate sid="rotateZ">0 0 1 -0</rotate>
                <scale sid="scale">1 1 1</scale>
                <instance_geometry url="#ID266">
                    <bind_material>
                        <technique_common>
                            <instance_material symbol="Material1" target="#ID9">
                                <bind_vertex_input semantic="UVSET0" input_semantic="TEXCOORD" input_set="0"/>
                            </instance_material>
                        </technique_common>
                    </bind_material>
                </instance_geometry>
            </node>
            <node id="ID274" name="Light">
                <translate sid="translate">-194.318 394.679 -392.734</translate>
                <rotate sid="rotateY">0 1 0 -0</rotate>
                <rotate sid="rotateX">1 0 0 0</rotate>
                <rotate sid="rotateZ">0 0 1 -0</rotate>
                <scale sid="scale">1 1 1</scale>
                <instance_light url="#ID275"/>
            </node>
            <node id="ID276" name="ground">
                <translate sid="translate">-52.4979 -4.48271 -16.0954</translate>
                <rotate sid="rotateY">0 1 0 270</rotate>
                <rotate sid="rotateX">1 0 0 85</rotate>
                <rotate sid="rotateZ">0 0 1 -334.105</rotate>
                <scale sid="scale">1 1 1</scale>
                <instance_geometry url="#ID277">
                    <bind_material>
                        <technique_common>
                            <instance_material symbol="Material1" target="#ID15">
                                <bind_vertex_input semantic="UVSET0" input_semantic="TEXCOORD" input_set="0"/>
                            </instance_material>
                            <instance_material symbol="Material2" target="#ID19">
                                <bind_vertex_input semantic="UVSET0" input_semantic="TEXCOORD" input_set="0"/>
                            </instance_material>
                        </technique_common>
                    </bind_material>
                </instance_geometry>
            </node>
        </visual_scene>
    </library_visual_scenes>
    <scene>
        <instance_visual_scene url="#ID24"/>
    </scene>
</COLLADA>
